dayOfWeek,isWeekend,isHoliday,totalMeetingCount,hasImportantDeadline,backToBackMeetings,freeTimeBlocks,meetingDensityScore,interruptionRiskScore,dayCategory
4,0,0,5,1,1,4,67,57,3
1,1,0,4,0,0,6,41,48,2
3,0,0,3,0,0,3,36,46,2
5,0,0,3,1,0,5,38,21,5
5,0,0,5,1,1,3,53,52,3
3,0,0,3,1,0,5,42,30,2
1,1,0,5,0,0,2,57,70,3
2,0,0,2,1,0,4,31,37,5
2,0,0,1,1,0,8,25,30,1
2,0,0,10,1,1,2,90,86,6
4,0,0,1,0,0,5,20,29,1
3,0,0,0,0,0,9,0,0,0
4,0,0,3,1,0,5,33,33,2
5,0,0,4,1,0,6,42,37,2
2,0,0,3,1,0,6,35,34,2
5,0,0,3,1,0,4,30,48,2
3,0,0,6,0,1,2,64,69,3
3,0,0,6,0,0,4,55,58,3
6,0,0,1,0,0,8,24,17,1
7,1,0,4,0,0,6,39,38,2
6,0,0,8,0,0,1,68,82,4
4,0,0,4,0,0,3,50,37,2
4,0,0,6,0,1,2,77,84,4
3,0,0,3,1,0,6,20,23,5
5,0,0,0,0,0,9,0,0,0
2,0,0,3,0,1,3,50,45,2
5,0,0,6,0,0,2,54,51,3
4,0,0,4,0,0,6,41,48,2
2,0,0,5,1,1,2,52,73,3
3,0,0,2,1,0,8,18,30,1
6,0,0,5,1,0,4,65,69,3
3,0,0,0,0,0,9,0,0,0
2,0,0,4,0,0,5,43,50,2
4,0,0,7,0,0,1,68,72,4
1,1,0,3,0,0,3,34,50,2
6,0,0,3,1,0,6,50,50,2
2,0,0,7,1,0,3,74,90,4
1,1,0,5,0,1,3,52,54,3
4,0,0,8,1,0,1,66,74,4
1,1,0,5,0,1,2,50,69,3
4,0,0,2,1,0,5,25,37,5
5,0,0,6,0,1,3,69,60,3
3,0,0,6,1,0,3,77,76,4
2,0,0,5,0,1,2,59,69,3
2,0,0,3,0,0,4,31,47,2
2,0,0,5,0,1,2,59,64,3
2,0,0,6,1,0,4,61,59,3
6,0,0,0,0,0,9,0,0,0
3,0,1,6,0,0,2,67,88,4
2,0,0,3,1,0,5,22,37,5
2,0,0,2,0,0,8,23,13,1
2,0,0,8,1,1,3,81,79,4
2,0,0,3,0,1,5,33,37,2
4,0,0,0,0,0,9,0,0,0
2,0,0,0,0,0,9,0,0,0
4,0,0,0,0,0,9,0,0,0
6,0,0,4,0,0,5,45,45,2
4,0,0,6,1,1,2,66,59,3
2,0,0,7,1,1,2,74,82,4
4,0,0,6,1,1,2,63,73,3
2,0,0,2,1,0,6,32,28,5
2,0,0,5,0,0,4,67,72,3
4,0,0,2,0,0,6,10,22,1
5,0,0,7,1,1,1,80,73,4
6,0,0,0,0,0,9,0,0,0
2,0,0,4,0,0,5,32,48,2
5,0,0,6,0,0,3,69,61,3
4,0,0,0,0,0,9,0,0,0
5,0,0,2,0,0,5,21,24,1
2,0,0,2,0,0,6,21,19,1
4,0,0,2,0,0,6,19,25,1
2,0,0,3,1,0,4,20,20,5
6,0,0,3,1,0,6,36,29,5
5,0,0,4,0,1,3,47,35,2
6,0,0,6,0,1,3,52,54,3
4,0,0,4,0,0,5,47,44,2
5,0,0,6,0,1,3,54,59,3
4,0,0,2,1,0,5,22,38,5
4,0,0,6,0,1,3,54,64,3
6,0,0,0,0,0,9,0,0,0
7,1,0,7,1,1,2,76,70,4
2,0,0,1,0,0,6,13,14,1
2,0,0,7,1,1,2,75,80,4
3,0,0,0,0,0,9,0,0,0
3,0,0,5,0,1,2,60,60,3
3,0,0,6,0,1,2,68,87,4
3,0,0,7,0,1,3,70,71,4
4,0,0,1,0,0,6,18,13,1
4,0,0,6,0,0,1,71,79,4
1,1,0,7,0,1,3,84,84,4
4,0,0,8,0,1,3,79,73,4
1,1,0,2,0,0,5,14,26,1
5,0,0,0,0,0,9,0,0,0
2,0,0,3,0,0,6,38,41,2
4,0,0,3,0,1,6,34,45,2
4,0,0,5,0,0,4,53,52,3
4,0,0,4,1,0,6,49,48,2
4,0,0,6,0,0,2,69,57,3
3,0,0,4,0,0,4,48,48,2
5,0,0,0,0,0,9,0,0,0
2,0,0,8,0,0,2,73,90,4
6,0,0,7,1,1,1,92,100,6
4,0,0,6,0,1,3,65,81,4
4,0,0,6,1,0,3,65,88,4
4,0,0,2,0,0,6,15,25,1
7,1,0,4,1,1,3,50,38,2
2,0,0,1,0,0,7,12,20,1
3,0,0,4,1,1,4,49,46,2
4,0,0,5,0,0,3,67,64,3
3,0,0,2,0,0,7,10,16,1
4,0,0,5,0,1,2,67,61,3
4,0,0,2,1,0,6,34,36,5
2,0,0,5,1,0,4,65,57,3
6,0,0,7,1,0,3,82,86,4
5,0,0,3,0,0,5,45,43,2
4,0,0,4,0,1,3,30,46,2
2,0,0,6,0,1,3,63,61,3
1,1,0,6,1,0,3,52,62,3
3,0,0,7,1,1,3,76,82,4
2,0,0,6,0,0,3,81,78,4
5,0,0,1,0,0,6,10,11,1
4,0,0,0,0,0,9,0,0,0
2,0,0,0,0,0,9,0,0,0
6,0,0,8,0,1,2,73,79,4
2,0,0,8,1,1,1,68,76,4
2,0,0,1,0,0,8,24,28,1
4,0,0,4,0,1,5,35,45,2
2,0,0,6,1,0,3,78,90,4
5,0,0,6,0,0,4,62,71,3
2,0,0,2,0,0,5,17,21,1
6,0,0,1,0,0,5,16,26,1
5,0,0,5,0,0,3,53,58,3
6,0,0,6,1,0,2,68,73,4
3,0,0,6,1,0,2,72,86,4
4,0,0,4,0,0,6,35,30,2
6,0,0,2,0,0,5,12,12,1
2,0,0,4,0,0,3,50,48,2
5,0,0,2,0,0,6,25,17,1
2,0,0,0,0,0,9,0,0,0
2,0,0,1,0,0,5,18,16,1
2,0,0,6,0,1,3,75,90,4
1,1,0,3,0,0,5,44,44,2
2,0,0,4,1,0,3,33,32,2
6,0,0,6,1,0,3,61,75,3
4,0,0,4,0,0,3,37,31,2
3,0,0,4,0,0,5,45,48,2
3,0,0,6,1,1,4,51,60,3
5,0,0,0,0,0,9,0,0,0
4,0,0,1,0,0,8,11,17,1
5,0,0,8,1,1,1,70,72,4
7,1,0,2,1,0,7,18,29,1
7,1,0,6,1,1,4,68,72,3
4,0,0,2,0,0,5,11,11,1
2,0,0,4,0,1,6,42,43,2
5,0,0,3,0,1,5,50,36,2
2,0,0,6,0,1,1,65,78,4
4,0,0,7,0,1,2,71,75,4
5,0,0,6,1,0,2,63,62,3
4,0,0,0,0,0,9,0,0,0
3,0,0,7,1,1,2,79,72,4
1,1,0,5,1,1,4,54,71,3
3,0,0,8,0,1,3,65,85,4
5,0,0,1,0,0,5,11,23,1
1,1,0,1,0,0,8,10,20,1
1,1,0,0,0,0,9,0,0,0
5,0,0,3,1,0,5,39,35,5
3,0,0,3,0,0,4,36,36,2
1,1,0,8,1,1,1,96,97,6
2,0,0,7,0,1,3,68,82,4
6,0,0,5,1,0,3,55,55,3
5,0,0,6,1,0,3,76,88,4
4,0,0,3,0,0,3,40,35,2
4,0,0,1,0,0,5,22,25,1
6,0,0,6,0,0,2,53,71,3
5,0,0,3,0,0,4,39,44,2
5,0,0,3,0,0,3,36,34,2
5,0,0,4,1,0,3,43,50,2
3,0,0,2,1,0,7,17,22,1
2,0,0,7,0,1,2,83,75,4
3,0,0,2,0,0,6,24,11,1
2,0,0,6,0,0,3,62,61,3
4,0,0,1,0,0,5,14,14,1
3,0,0,2,1,0,5,25,21,1
3,0,0,6,1,1,2,54,71,3
1,1,0,2,0,0,7,24,29,1
5,0,0,5,1,1,3,63,68,3
5,0,1,3,1,0,4,28,20,5
7,1,0,4,0,1,3,30,46,2
5,0,0,2,0,0,8,14,23,1
2,0,0,5,1,1,2,61,59,3
2,0,0,3,1,0,4,38,20,5
4,0,0,4,1,0,4,33,35,2
2,0,1,3,0,1,3,35,45,2
4,0,0,5,0,0,3,62,70,3
3,0,0,4,0,0,4,32,42,2
5,0,0,6,1,1,3,68,75,3
5,0,0,1,0,0,8,19,18,1
4,0,0,2,0,0,7,15,30,1
4,0,0,2,0,0,5,10,19,1
3,0,0,4,1,0,6,41,33,2
2,0,0,5,0,1,4,68,57,3
2,0,0,1,0,0,8,17,18,1
3,0,0,3,1,0,4,35,23,5
2,0,0,4,0,0,4,41,47,2
1,1,0,3,0,1,4,36,34,2
2,0,0,5,0,1,3,61,69,3
3,0,0,1,0,0,7,14,29,1
2,0,0,4,0,0,5,33,46,2
5,0,0,3,0,0,5,37,39,2
1,1,0,0,0,0,9,0,0,0
5,0,0,6,1,1,2,66,78,4
2,0,0,0,0,0,9,0,0,0
2,0,1,2,1,0,5,32,25,5
4,0,0,6,1,1,1,75,80,4
3,0,0,8,1,1,2,69,80,4
4,0,0,3,1,0,3,32,45,2
5,0,0,6,0,0,2,79,86,4
6,0,0,7,1,1,2,68,89,4
5,0,0,6,0,1,3,77,72,4
1,1,0,2,1,0,6,13,16,1
4,0,0,5,1,0,3,58,60,3
6,0,0,10,1,1,0,84,99,6
2,0,0,8,1,1,1,67,74,4
4,0,0,2,1,0,4,30,31,5
4,0,0,6,1,1,3,69,80,4
3,0,0,8,1,0,3,75,89,4
4,0,0,5,1,1,2,62,59,3
7,1,0,6,0,1,4,64,72,3
5,0,0,6,0,1,1,68,87,4
3,0,1,6,0,0,4,52,58,3
3,0,0,6,1,1,3,77,82,4
5,0,0,5,1,0,3,57,53,3
3,0,0,8,0,1,1,75,80,4
5,0,0,1,1,0,8,21,24,1
3,0,0,4,1,1,4,41,40,2
5,0,0,4,0,0,3,37,37,2
3,0,0,2,0,0,5,13,12,1
5,0,1,5,1,1,4,62,58,3
2,0,0,2,1,0,5,23,34,5
3,0,0,2,1,0,6,33,31,5
4,0,0,3,1,0,6,34,32,2
3,0,0,8,0,1,2,77,76,4
3,0,0,4,0,0,3,45,48,2
4,0,0,7,0,1,2,67,82,4
4,0,0,3,0,1,3,48,32,2
5,0,0,3,0,0,5,32,30,2
4,0,0,0,0,0,9,0,0,0
2,0,1,6,0,0,3,70,70,3
4,0,0,3,0,0,6,44,31,2
6,0,0,4,1,0,3,32,32,2
5,0,0,3,1,0,4,43,45,2
6,0,0,5,1,0,4,61,51,3
4,0,0,7,1,1,3,85,81,4
5,0,0,4,1,1,5,44,47,2
5,0,0,2,0,0,6,13,16,1
3,0,0,7,1,1,1,67,86,4
4,0,0,6,0,1,2,72,75,4
5,0,0,6,0,0,3,57,73,3
1,1,1,0,0,0,9,0,0,0
4,0,0,7,1,1,2,86,89,6
3,0,0,6,1,1,2,56,67,3
5,0,0,1,0,0,5,11,19,1
4,0,0,8,1,1,2,79,82,4
2,0,0,0,0,0,9,0,0,0
4,0,0,6,0,0,4,57,70,3
4,0,0,6,0,0,3,64,54,3
7,1,0,6,0,1,2,50,69,3
7,1,1,3,0,0,3,48,45,2
4,0,0,5,0,1,3,70,71,3
2,0,0,2,1,0,5,23,24,5
3,0,0,0,0,0,9,0,0,0
1,1,0,2,0,0,5,24,13,1
6,0,0,3,1,0,5,35,31,5
5,0,0,4,1,1,4,48,38,2
4,0,0,2,1,0,5,14,26,1
3,0,0,6,1,1,4,68,56,3
3,0,0,4,0,0,3,39,32,2
3,0,0,2,0,0,7,18,27,1
4,0,1,6,1,1,3,51,56,3
7,1,0,0,0,0,9,0,0,0
3,0,0,1,0,0,7,17,22,1
6,0,0,8,1,0,1,78,87,4
6,0,0,6,0,1,2,65,77,4
7,1,0,4,0,1,3,48,37,2
2,0,0,3,0,1,5,46,46,2
5,0,0,7,0,0,2,83,74,4
1,1,0,0,0,0,9,0,0,0
5,0,0,5,0,0,2,59,51,3
3,0,0,7,0,0,1,69,82,4
2,0,0,7,1,1,2,79,83,4
3,0,0,4,0,0,3,44,44,2
5,0,0,9,1,1,1,82,94,6
2,0,0,8,1,0,2,83,79,4
1,1,0,5,1,1,4,65,56,3
1,1,0,2,1,0,6,38,20,5
1,1,0,4,0,1,4,36,33,2
4,0,0,7,0,0,2,84,70,4
3,0,0,7,0,0,2,73,82,4
2,0,0,6,1,1,4,70,73,3
4,0,0,5,0,1,2,55,52,3
1,1,0,6,0,0,2,52,63,3
2,0,0,4,0,0,5,47,35,2
6,0,0,5,1,0,2,54,68,3
1,1,0,2,0,0,5,24,23,1
1,1,0,0,0,0,9,0,0,0
5,0,0,6,0,1,2,81,74,4
5,0,0,4,0,0,4,40,35,2
5,0,0,3,0,0,6,40,41,2
5,0,0,6,1,1,2,57,63,3
5,0,0,5,1,0,3,61,72,3
4,0,0,5,0,1,2,65,71,3
4,0,0,7,1,0,2,70,73,4
6,0,0,2,0,0,6,25,24,1
5,0,0,6,0,1,3,52,74,3
4,0,0,8,1,1,1,67,79,4
5,0,0,0,0,0,9,0,0,0
4,0,0,0,0,0,9,0,0,0
2,0,0,3,0,0,6,41,45,2
3,0,0,3,0,0,6,32,48,2
4,0,0,1,0,0,7,10,15,1
6,0,0,3,0,1,5,39,42,2
2,0,0,6,0,1,4,68,74,3
2,0,0,3,0,0,5,37,32,2
3,0,0,6,1,1,3,72,72,4
5,0,0,6,0,1,2,72,73,4
5,0,0,3,1,0,5,31,25,5
2,0,0,5,1,1,3,67,52,3
7,1,0,0,0,0,9,0,0,0
4,0,0,1,0,0,8,10,24,1
5,0,0,8,1,1,2,72,86,4
3,0,0,8,1,0,2,68,85,4
6,0,0,5,1,0,4,52,59,3
4,0,0,0,0,0,9,0,0,0
5,0,0,1,1,0,7,19,20,1
3,0,0,6,0,1,4,53,67,3
7,1,0,6,0,1,2,69,57,3
5,0,0,6,0,0,3,51,60,3
1,1,0,4,0,0,5,48,30,2
6,0,0,2,0,0,5,16,28,1
4,0,0,3,0,0,3,30,48,2
4,0,0,1,0,0,8,22,23,1
3,0,0,4,1,0,5,50,45,2
3,0,0,6,1,0,3,70,71,3
5,0,0,3,0,1,4,38,32,2
5,0,0,2,0,0,7,24,24,1
4,0,0,5,0,1,2,55,58,3
3,0,1,1,0,0,6,18,15,1
4,0,0,4,0,0,4,46,38,2
5,0,0,2,1,0,6,35,21,5
4,0,0,4,0,0,3,40,45,2
4,0,0,7,1,0,2,77,71,4
3,0,0,1,0,0,5,24,11,1
7,1,0,5,0,0,3,53,50,3
5,0,0,6,1,0,3,71,83,4
2,0,0,4,0,0,6,40,40,2
3,0,0,3,0,0,4,46,39,2
5,0,0,3,1,0,4,22,27,5
2,0,0,1,0,0,5,18,24,1
6,0,0,8,1,0,1,77,89,4
5,0,0,8,0,1,3,69,71,4
5,0,0,3,1,0,5,30,42,2
4,0,0,5,0,1,4,70,50,3
3,0,0,8,1,1,2,65,74,4
6,0,0,8,0,1,2,68,81,4
3,0,0,0,0,0,9,0,0,0
3,0,0,4,0,0,6,49,48,2
3,0,0,10,1,1,1,86,87,6
4,0,0,4,0,0,5,42,49,2
4,0,0,3,0,0,5,49,47,2
4,0,0,8,1,0,3,65,84,4
4,0,0,6,1,1,4,69,54,3
3,0,0,8,1,1,3,77,77,4
3,0,0,8,1,0,2,83,86,4
4,0,0,7,0,0,3,65,81,4
4,0,0,0,0,0,9,0,0,0
4,0,0,2,0,0,7,11,17,1
7,1,0,4,0,0,4,41,42,2
1,1,0,5,1,1,2,50,69,3
3,0,0,6,1,1,3,71,87,4
4,0,0,4,0,0,3,35,49,2
2,0,0,4,1,0,3,35,40,2
6,0,0,1,1,0,6,23,26,1
5,0,0,3,0,0,5,39,50,2
2,0,0,0,0,0,9,0,0,0
5,0,0,0,0,0,9,0,0,0
1,1,0,8,1,1,2,77,85,4
2,0,0,5,0,1,2,55,64,3
2,0,0,3,1,0,5,34,37,5
4,0,0,0,0,0,9,0,0,0
2,0,0,6,1,1,3,61,52,3
3,0,0,5,0,0,3,51,70,3
6,0,0,3,0,1,5,30,40,2
5,0,0,7,1,0,2,78,75,4
2,0,1,0,0,0,9,0,0,0
5,0,0,1,1,0,6,24,21,1
3,0,0,6,1,0,1,80,77,4
3,0,0,3,1,0,5,31,31,5
4,0,0,5,0,0,3,68,59,3
7,1,0,3,0,1,6,30,30,2
5,0,0,0,0,0,9,0,0,0
4,0,0,2,1,0,6,22,32,5
2,0,0,6,1,1,2,75,82,4
3,0,0,6,1,0,2,64,69,3
4,0,0,8,1,0,2,67,85,4
5,0,0,5,0,1,4,68,74,3
2,0,0,5,0,0,4,50,72,3
2,0,0,2,0,0,8,22,20,1
4,0,0,4,0,1,4,31,41,2
3,0,0,7,1,1,1,84,85,6
6,0,0,5,1,0,2,65,71,3
1,1,0,1,1,0,5,18,23,1
3,0,0,6,0,1,2,53,58,3
7,1,0,8,1,1,2,84,96,6
6,0,0,2,1,0,5,21,26,5
4,0,0,8,1,1,2,77,87,4
3,0,0,6,1,1,1,76,88,4
1,1,0,2,0,0,7,21,10,1
3,0,0,3,1,0,5,26,32,5
3,0,0,4,1,0,4,41,35,2
4,0,0,6,1,0,1,65,71,4
2,0,0,3,1,1,6,43,50,2
6,0,0,0,0,0,9,0,0,0
4,0,0,4,1,0,3,33,34,2
5,0,0,0,0,0,9,0,0,0
3,0,0,6,1,1,2,69,90,4
3,0,0,4,0,0,3,50,30,2
6,0,0,6,0,1,2,83,75,4
5,0,0,0,0,0,9,0,0,0
3,0,0,3,0,0,6,47,34,2
5,0,0,2,0,0,5,15,20,1
4,0,0,2,1,0,6,27,26,5
2,0,0,7,1,1,1,78,85,4
3,0,0,3,0,0,6,41,41,2
4,0,0,6,0,1,2,59,69,3
4,0,0,2,1,0,6,32,26,5
5,0,0,0,0,0,9,0,0,0
6,0,0,1,1,0,5,16,22,1
3,0,0,3,1,0,4,38,33,5
5,0,0,6,0,1,2,65,57,3
5,0,0,0,0,0,9,0,0,0
1,1,0,8,1,1,2,82,90,4
6,0,0,6,1,1,4,56,54,3
2,0,0,8,0,0,3,80,86,4
3,0,0,0,0,0,9,0,0,0
2,0,0,8,1,1,2,72,89,4
4,0,0,7,1,1,1,78,83,4
2,0,0,5,0,0,3,66,56,3
4,0,1,4,1,1,5,38,45,2
4,0,0,7,1,0,1,77,89,4
5,0,0,0,0,0,9,0,0,0
2,0,0,6,1,0,1,84,88,4
1,1,0,3,1,0,6,40,35,2
2,0,1,6,0,1,3,59,64,3
3,0,0,1,0,0,7,25,30,1
5,0,0,7,0,1,1,73,85,4
6,0,0,6,0,1,2,61,67,3
2,0,0,6,1,0,4,70,51,3
6,0,0,2,0,0,6,19,29,1
3,0,0,1,0,0,5,19,12,1
6,0,0,5,1,1,3,56,59,3
5,0,0,7,1,1,3,82,79,4
1,1,0,2,0,0,5,14,14,1
3,0,0,6,1,1,2,65,62,3
2,0,0,3,0,0,3,42,42,2
2,0,0,3,0,0,3,30,46,2
5,0,0,8,1,1,3,85,74,4
3,0,0,6,1,1,2,84,76,4
6,0,0,4,1,1,6,48,33,2
6,0,0,7,0,1,1,70,81,4
2,0,0,1,0,0,5,16,28,1
7,1,1,8,1,1,3,80,78,4
2,0,0,8,1,1,2,69,78,4
2,0,0,2,1,0,4,30,24,5
4,0,0,4,0,0,4,50,50,2
2,0,0,5,1,1,2,64,63,3
7,1,0,8,1,0,1,78,81,4
2,0,0,1,0,0,7,14,12,1
3,0,0,6,1,0,1,65,89,4
5,0,0,9,1,1,0,99,94,6
4,0,0,3,0,0,3,42,44,2
4,0,0,5,0,1,3,66,51,3
3,0,0,1,0,0,5,23,14,1
2,0,0,8,0,0,3,79,82,4
3,0,0,2,1,0,4,38,40,5
4,0,0,2,0,0,6,13,28,1
2,0,0,4,1,0,4,30,40,2
7,1,0,4,0,0,5,38,44,2
2,0,0,3,0,0,6,50,36,2
7,1,0,6,1,1,3,68,52,3
3,0,0,9,1,1,1,86,86,6
5,0,0,0,0,0,9,0,0,0
3,0,0,10,1,1,0,96,99,6
4,0,0,5,0,0,2,58,66,3
3,0,0,2,0,0,8,21,14,1
6,0,0,5,0,0,3,68,54,3
4,0,0,3,1,0,5,36,32,5
7,1,0,6,0,0,3,70,51,3
5,0,0,1,1,0,6,12,26,1
3,0,0,0,0,0,9,0,0,0
6,0,0,6,1,0,3,72,76,4
3,0,0,6,0,0,3,69,86,4
2,0,0,6,1,0,3,79,82,4
7,1,0,7,1,1,2,67,74,4
2,0,0,2,1,0,6,34,40,5
2,0,0,2,0,0,8,15,21,1
2,0,0,0,0,0,9,0,0,0
5,0,0,7,1,1,1,77,71,4
2,0,0,2,0,0,8,24,11,1
3,0,0,1,0,0,8,11,25,1
2,0,0,5,1,1,4,56,72,3
7,1,0,2,1,0,6,21,26,1
3,0,0,3,1,0,6,35,28,5
3,0,0,2,0,0,5,19,17,1
2,0,0,1,0,0,6,23,21,1
7,1,0,5,0,0,3,56,69,3
4,0,0,1,0,0,5,14,18,1
2,0,0,2,0,0,6,15,15,1
3,0,0,4,0,0,6,33,33,2
2,0,0,2,1,0,6,23,22,5
5,0,0,3,1,0,6,36,26,5
4,0,0,4,1,0,3,32,38,2
6,0,0,4,0,1,4,33,44,2
5,0,0,9,1,1,1,83,100,6
5,0,0,3,1,0,3,39,41,2
4,0,0,2,0,0,8,10,19,1
2,0,0,5,0,1,4,61,68,3
5,0,0,3,0,0,4,38,49,2
2,0,0,4,0,0,5,41,34,2
3,0,0,0,0,0,9,0,0,0
2,0,0,4,0,0,4,46,49,2
6,0,0,3,1,0,5,40,23,5
4,0,0,7,0,1,1,84,70,4
5,0,0,5,1,0,2,65,61,3
5,0,0,8,1,0,2,69,86,4
4,0,0,7,0,1,1,76,87,4
5,0,0,5,1,1,4,61,62,3
5,0,0,6,1,0,3,66,58,3
5,0,0,0,0,0,9,0,0,0
5,0,0,1,0,0,8,25,11,1
4,0,0,3,1,0,4,44,50,2
1,1,1,1,0,0,7,17,30,1
2,0,0,5,0,0,4,58,54,3
2,0,0,3,1,0,4,26,28,5
2,0,0,7,0,0,3,84,83,4
7,1,0,8,0,1,1,85,80,4
4,0,0,5,0,0,3,66,54,3
2,0,0,6,1,1,2,78,86,4
2,0,0,4,0,0,3,35,48,2
5,0,1,8,0,0,1,77,81,4
5,0,0,3,0,1,4,42,47,2
1,1,0,4,0,0,5,48,47,2
2,0,0,6,1,0,3,55,75,3
2,0,0,4,0,1,5,48,48,2
5,0,0,7,1,1,2,84,89,4
6,0,0,3,0,1,3,38,37,2
6,0,0,0,0,0,9,0,0,0
4,0,0,0,0,0,9,0,0,0
3,0,0,4,0,0,4,41,34,2
6,0,0,5,0,1,4,60,71,3
3,0,0,5,0,0,4,54,50,3
3,0,0,8,0,0,1,70,86,4
4,0,0,4,0,0,6,30,49,2
1,1,0,0,0,0,9,0,0,0
2,0,0,2,0,0,5,17,18,1
4,0,0,6,0,0,2,75,78,4
2,0,0,3,0,0,5,42,44,2
5,0,0,6,1,1,3,51,66,3
6,0,0,1,0,0,6,19,13,1
3,0,0,2,1,0,7,19,19,1
4,0,0,5,0,1,3,69,75,3
3,0,0,3,1,0,5,35,26,5
2,0,0,5,1,1,2,55,54,3
3,0,0,0,0,0,9,0,0,0
2,0,0,1,0,0,6,14,25,1
1,1,0,4,0,0,6,32,48,2
4,0,0,5,0,1,2,65,60,3
5,0,0,4,0,0,6,35,48,2
4,0,0,2,1,0,6,26,23,5
3,0,0,0,0,0,9,0,0,0
4,0,0,6,1,0,2,65,70,3
5,0,0,8,0,0,1,81,88,4
2,0,0,10,1,1,0,91,89,6
3,0,0,3,1,0,4,23,30,5
3,0,0,6,0,0,3,53,58,3
2,0,0,3,0,0,6,30,46,2
4,0,0,6,1,0,3,64,65,3
2,0,0,2,0,0,5,13,25,1
4,0,0,3,1,0,5,43,37,2
5,0,0,4,1,0,4,50,46,2
2,0,0,3,1,0,4,28,23,5
1,1,0,5,0,1,2,66,53,3
1,1,0,5,0,0,2,67,51,3
4,0,0,5,1,0,4,55,67,3
1,1,0,6,1,1,3,69,84,4
6,0,0,0,0,0,9,0,0,0
5,0,0,6,0,1,3,69,73,3
1,1,0,2,1,0,5,17,19,1
2,0,0,6,1,1,2,76,78,4
1,1,0,9,1,1,0,86,98,6
2,0,0,8,0,1,3,67,87,4
1,1,0,3,0,1,3,42,42,2
5,0,0,4,1,0,4,42,45,2
4,0,0,2,0,0,8,22,30,1
5,0,0,6,1,0,4,52,54,3
5,0,0,2,0,0,8,24,14,1
2,0,0,6,1,0,4,67,54,3
4,0,0,2,1,0,5,26,37,5
3,0,0,8,1,0,1,79,86,4
6,0,0,0,0,0,9,0,0,0
3,0,0,8,1,1,2,75,86,4
5,0,0,0,0,0,9,0,0,0
3,0,0,2,0,0,5,24,23,1
2,0,0,1,0,0,6,11,26,1
5,0,0,6,1,0,2,68,74,3
2,0,0,2,1,0,6,40,26,5
2,0,0,2,0,0,7,13,19,1
7,1,0,3,0,1,5,42,40,2
4,0,0,5,0,0,2,66,72,3
1,1,0,1,1,0,8,16,29,1
6,0,0,3,0,1,5,30,30,2
1,1,0,4,1,0,3,38,48,2
7,1,0,6,0,1,2,79,79,4
4,0,0,5,1,0,3,61,64,3
3,0,0,6,0,1,1,76,70,4
5,0,0,2,0,0,5,17,13,1
2,0,0,6,1,0,2,67,87,4
2,0,0,3,1,0,6,40,30,2
4,0,0,4,0,1,5,50,40,2
5,0,0,1,0,0,7,14,27,1
5,0,0,7,1,0,1,69,79,4
5,0,0,3,1,0,6,39,30,5
6,0,0,6,1,1,4,50,60,3
5,0,0,3,0,1,3,47,32,2
4,0,0,0,0,0,9,0,0,0
3,0,0,5,0,1,2,62,69,3
5,0,0,6,1,0,3,69,69,3
6,0,0,6,1,0,4,68,50,3
5,0,0,5,1,0,4,55,52,3
5,0,0,0,0,0,9,0,0,0
3,0,0,6,0,1,2,59,72,3
5,0,0,6,0,0,4,69,53,3
3,0,0,3,1,0,3,31,44,2
4,0,0,4,0,0,5,36,34,2
5,0,0,6,1,1,2,68,67,3
4,0,0,3,1,0,6,46,38,2
7,1,0,3,1,0,6,36,34,2
6,0,0,4,0,0,6,42,48,2
7,1,0,1,1,0,8,15,19,1
1,1,0,3,1,0,5,32,39,2
3,0,0,3,1,0,6,35,22,5
5,0,0,6,1,0,4,65,74,3
3,0,0,1,0,0,8,20,22,1
2,0,0,1,1,0,6,15,20,1
5,0,0,8,1,1,3,68,82,4
2,0,0,0,0,0,9,0,0,0
3,0,0,3,0,0,5,45,37,2
7,1,0,7,0,1,2,80,83,4
7,1,0,3,0,1,5,43,37,2
4,0,0,1,0,0,5,14,19,1
1,1,0,6,0,1,3,66,74,4
3,0,0,5,0,1,4,65,75,3
4,0,0,3,0,0,5,44,45,2
2,0,0,4,0,0,5,45,50,2
6,0,0,6,1,0,3,79,73,4
5,0,0,0,0,0,9,0,0,0
5,0,0,6,0,1,3,78,90,4
3,0,0,4,0,1,4,47,49,2
4,0,0,7,0,0,3,66,85,4
6,0,0,6,0,0,4,63,73,3
4,0,0,8,1,1,2,73,88,4
2,0,0,1,0,0,5,14,29,1
3,0,0,3,0,0,4,36,42,2
7,1,0,4,0,1,6,36,32,2
2,0,0,6,0,0,2,70,70,3
4,0,0,2,1,0,5,21,23,5
3,0,0,1,0,0,7,13,15,1
4,0,0,3,0,1,5,30,40,2
2,0,0,0,0,0,9,0,0,0
4,0,0,5,0,0,3,64,66,3
2,0,0,3,0,0,4,33,44,2
5,0,0,4,1,0,3,50,44,2
3,0,0,3,1,0,3,44,31,2
4,0,0,2,1,0,6,34,35,5
3,0,0,0,0,0,9,0,0,0
2,0,0,0,0,0,9,0,0,0
7,1,0,2,0,0,8,13,12,1
2,0,0,4,0,0,4,35,50,2
7,1,0,3,1,0,4,34,38,5
3,0,0,6,0,0,3,65,50,3
1,1,0,2,1,0,4,33,32,5
3,0,0,2,1,0,4,33,27,5
4,0,0,4,1,1,6,30,30,2
2,0,0,5,1,1,2,64,68,3
2,0,0,2,0,0,5,23,25,1
3,0,0,2,1,0,7,22,27,1
2,0,0,2,1,0,7,10,13,1
4,0,0,5,1,0,4,61,60,3
5,0,0,4,1,0,5,41,45,2
4,0,0,1,0,0,8,18,21,1
7,1,0,2,0,0,7,24,29,1
3,0,0,4,0,1,6,36,46,2
2,0,0,4,1,0,6,46,35,2
6,0,0,4,0,0,5,38,41,2
3,0,0,6,1,0,1,71,77,4
3,0,0,4,0,0,3,45,44,2
3,0,0,6,1,1,3,55,64,3
6,0,0,3,0,0,6,47,47,2
5,0,0,3,0,0,3,40,42,2
5,0,0,6,0,1,2,69,59,3
6,0,0,3,1,0,4,47,41,2
2,0,0,6,0,0,3,58,75,3
5,0,0,4,1,0,3,45,48,2
4,0,0,6,1,1,2,53,73,3
3,0,0,3,1,0,5,34,40,5
2,0,0,0,0,0,9,0,0,0
2,0,0,4,1,0,5,50,39,2
3,0,0,5,0,0,4,70,59,3
5,0,0,1,0,0,8,21,21,1
6,0,0,1,0,0,6,10,21,1
4,0,0,3,0,0,6,33,43,2
5,0,0,2,0,0,8,24,23,1
2,0,0,8,1,0,3,65,84,4
3,0,0,5,1,0,3,56,56,3
3,0,0,5,1,1,2,70,56,3
5,0,0,9,1,1,1,84,93,6
1,1,0,2,1,0,4,40,27,5
1,1,0,2,0,0,6,22,25,1
5,0,0,4,0,0,4,47,49,2
4,0,0,5,0,0,3,54,61,3
1,1,0,8,1,1,1,69,85,4
5,0,0,5,0,0,3,70,58,3
6,0,0,4,0,0,3,42,33,2
2,0,0,7,0,1,3,74,77,4
5,0,0,2,0,0,8,14,17,1
6,0,0,5,0,0,4,69,62,3
2,0,1,7,1,0,2,71,72,4
5,0,0,8,1,1,2,68,89,4
4,0,0,2,1,0,8,12,12,1
4,0,0,4,0,0,5,38,49,2
3,0,0,1,1,0,6,25,19,1
1,1,0,3,0,1,3,37,47,2
4,0,0,0,0,0,9,0,0,0
6,0,0,8,1,0,3,76,71,4
4,0,0,2,1,0,7,10,25,1
6,0,0,1,0,0,5,17,16,1
2,0,0,1,0,0,7,21,13,1
2,0,0,0,0,0,9,0,0,0
4,0,0,7,1,1,2,80,80,4
6,0,0,0,0,0,9,0,0,0
3,0,1,4,1,0,3,40,49,2
3,0,0,5,0,1,2,60,65,3
2,0,0,2,1,0,6,25,36,5
5,0,0,5,1,0,4,57,50,3
3,0,0,8,1,1,2,78,72,4
2,0,0,3,1,0,6,24,23,5
6,0,0,0,0,0,9,0,0,0
4,0,0,6,0,1,2,50,75,3
3,0,0,4,0,0,4,42,34,2
4,0,0,5,0,1,2,54,62,3
5,0,0,3,1,0,6,30,23,5
5,0,0,3,1,1,6,46,48,2
2,0,0,6,1,0,3,54,61,3
3,0,0,4,0,0,6,39,45,2
3,0,0,2,1,0,4,32,34,5
6,0,0,6,0,1,1,85,80,4
3,0,0,5,0,1,3,55,71,3
2,0,0,1,0,0,5,19,29,1
7,1,0,1,0,0,7,21,17,1
3,0,0,2,1,0,8,23,20,1
5,0,0,8,0,1,2,80,72,4
3,0,0,4,0,0,3,46,48,2
2,0,0,5,1,1,2,66,63,3
4,0,0,3,1,0,4,25,29,5
2,0,0,1,0,0,6,13,22,1
4,0,0,0,0,0,9,0,0,0
6,0,1,4,1,1,4,46,46,2
3,0,0,6,1,1,3,58,68,3
6,0,0,3,1,0,6,22,31,5
7,1,0,5,1,0,2,53,68,3
5,0,0,4,0,1,4,30,49,2
5,0,0,2,1,0,4,28,33,5
6,0,0,5,1,0,2,55,70,3
4,0,0,8,0,0,1,77,90,4
6,0,0,2,0,0,8,17,15,1
5,0,0,7,1,0,3,77,76,4
5,0,0,6,0,0,2,84,79,4
3,0,0,2,0,0,7,10,21,1
4,0,0,1,0,0,8,17,23,1
7,1,0,2,1,0,4,31,37,5
6,0,0,5,1,1,3,53,64,3
5,0,0,1,0,0,7,11,23,1
3,0,0,4,0,0,4,37,39,2
2,0,0,0,0,0,9,0,0,0
2,0,0,3,0,1,3,44,44,2
6,0,0,7,1,1,1,78,80,4
3,0,0,0,0,0,9,0,0,0
4,0,0,1,0,0,8,21,18,1
4,0,0,4,1,0,4,44,31,2
2,0,0,2,1,0,7,24,13,1
3,0,0,6,1,1,4,51,53,3
2,0,0,5,0,1,2,63,53,3
2,0,0,2,1,0,8,18,11,1
2,0,0,5,0,1,4,54,53,3
2,0,0,3,1,1,5,40,49,2
3,0,0,4,1,0,5,46,30,2
3,0,0,8,1,0,1,79,89,4
3,0,0,7,1,1,1,87,86,6
2,0,0,2,0,0,8,13,22,1
2,0,0,9,1,1,1,91,98,6
1,1,0,0,0,0,9,0,0,0
7,1,0,4,0,0,5,40,47,2
2,0,0,0,0,0,9,0,0,0
5,0,0,2,1,0,6,20,37,5
3,0,0,2,0,0,7,25,28,1
5,0,0,1,0,0,6,15,12,1
5,0,0,2,0,0,6,23,29,1
6,0,0,3,1,0,3,39,36,2
5,0,0,4,0,0,6,44,50,2
2,0,1,8,0,1,1,83,76,4
6,0,0,0,0,0,9,0,0,0
4,0,0,2,0,0,6,17,11,1
7,1,0,4,0,0,3,44,49,2
2,0,0,4,1,0,3,44,50,2
2,0,0,1,1,0,8,18,20,1
4,0,0,1,1,0,5,24,15,1
7,1,0,2,1,0,8,22,16,1
2,0,0,1,0,0,5,25,11,1
4,0,1,8,1,1,3,77,76,4
4,0,0,2,1,0,4,21,31,5
3,0,0,0,0,0,9,0,0,0
3,0,0,1,1,0,7,19,24,1
3,0,0,4,0,0,5,32,32,2
5,0,0,0,0,0,9,0,0,0
6,0,0,8,0,1,1,78,71,4
4,0,0,4,0,0,5,38,43,2
5,0,0,3,0,0,3,37,46,2
4,0,0,3,1,0,4,45,32,2
4,0,0,3,1,0,4,21,40,5
4,0,0,4,0,0,6,33,47,2
4,0,0,3,1,0,4,41,40,2
4,0,0,0,0,0,9,0,0,0
3,0,0,5,0,0,3,69,60,3
4,0,0,2,0,0,5,14,20,1
6,0,0,5,1,0,4,65,71,3
2,0,0,2,0,0,6,18,26,1
2,0,0,1,0,0,7,20,13,1
4,0,0,6,0,1,1,70,78,4
7,1,0,7,0,1,3,78,74,4
3,0,0,6,0,1,2,72,84,4
2,0,0,7,1,0,3,78,70,4
2,0,0,3,1,0,3,48,33,2
2,0,0,5,0,1,4,68,55,3
4,0,0,0,0,0,9,0,0,0
5,0,0,5,1,1,4,61,65,3
1,1,0,1,0,0,5,16,19,1
3,0,0,4,0,1,4,37,36,2
6,0,0,2,1,0,7,23,18,1
2,0,0,7,0,0,1,66,74,4
3,0,0,6,0,0,3,63,64,3
3,0,0,1,0,0,8,23,25,1
3,0,0,4,0,0,6,46,30,2
4,0,0,3,0,1,4,36,40,2
2,0,0,0,0,0,9,0,0,0
4,0,0,8,1,0,1,77,87,4
3,0,0,3,0,0,4,32,38,2
3,0,0,5,0,1,2,62,51,3
7,1,0,3,0,1,4,34,39,2
5,0,0,8,1,1,2,83,85,4
2,0,0,6,0,1,2,54,75,3
1,1,0,1,0,0,5,18,15,1
7,1,0,5,0,0,4,56,69,3
1,1,0,5,0,1,3,65,65,3
4,0,0,8,1,0,1,70,80,4
5,0,0,3,1,0,5,21,23,5
5,0,0,6,0,1,4,67,55,3
2,0,0,7,1,1,1,81,71,4
1,1,0,3,1,1,6,41,31,2
4,0,0,2,0,0,5,15,18,1
2,0,0,6,1,1,1,78,75,4
6,0,0,6,0,1,3,73,76,4
3,0,0,8,0,1,1,77,85,4
2,0,0,1,0,0,8,16,20,1
3,0,0,0,0,0,9,0,0,0
5,0,0,3,1,0,6,39,35,5
4,0,0,8,1,1,1,66,75,4
2,0,0,0,0,0,9,0,0,0
6,0,0,7,1,1,2,77,70,4
2,0,0,6,0,0,3,67,68,3
3,0,0,8,1,0,2,68,81,4
4,0,0,2,0,0,7,15,12,1
7,1,0,0,0,0,9,0,0,0
2,0,0,6,1,1,1,84,84,4
7,1,0,4,0,0,3,39,46,2
5,0,0,3,1,1,5,31,38,2
1,1,0,8,1,1,3,69,86,4
6,0,0,4,0,1,6,47,31,2
2,0,0,7,1,1,3,83,79,4
6,0,0,8,1,1,0,82,85,6
3,0,0,1,0,0,6,14,25,1
2,0,0,0,0,0,9,0,0,0
4,0,0,7,0,1,2,73,76,4
1,1,0,6,1,0,3,53,65,3
3,0,0,10,1,1,0,92,85,6
2,0,0,3,0,1,4,31,41,2
2,0,0,7,1,1,3,85,89,4
5,0,1,3,0,1,3,35,33,2
4,0,0,7,1,1,2,77,75,4
3,0,0,3,1,0,4,33,43,2
6,0,0,0,0,0,9,0,0,0
5,0,0,3,0,0,6,48,46,2
4,0,0,4,1,0,5,38,37,2
7,1,0,9,1,1,2,83,98,6
5,0,0,2,1,0,6,10,20,1
4,0,0,3,1,0,5,20,23,5
2,0,0,6,0,0,3,63,60,3
5,0,0,1,1,0,8,22,15,1
7,1,0,6,1,0,2,68,74,3
4,0,0,0,0,0,9,0,0,0
5,0,0,3,0,0,4,40,34,2
5,0,0,2,0,0,8,21,14,1
3,0,0,1,0,0,8,13,12,1
4,0,0,6,0,0,4,54,52,3
4,0,0,6,1,1,2,59,71,3
4,0,0,8,0,0,3,70,76,4
6,0,0,1,0,0,7,15,24,1
2,0,0,6,1,0,2,69,56,3
2,0,0,7,1,1,2,76,86,4
3,0,0,10,1,1,0,80,94,6
3,0,0,6,1,0,3,65,71,3
5,0,0,3,1,1,6,33,34,2
5,0,0,4,1,0,5,35,47,2
2,0,0,4,0,0,4,45,39,2
2,0,0,1,1,0,8,22,26,1
7,1,0,8,1,0,3,76,85,4
3,0,0,5,0,0,4,57,56,3
2,0,0,0,0,0,9,0,0,0
2,0,0,6,0,1,3,53,65,3
3,0,0,6,0,0,1,83,85,4
2,0,0,6,0,0,3,50,62,3
5,0,0,6,0,1,2,50,71,3
4,0,0,3,1,0,5,33,41,2
5,0,0,0,0,0,9,0,0,0
5,0,0,8,1,1,1,78,75,4
5,0,0,2,1,0,5,22,35,5
4,0,0,2,0,0,5,22,25,1
5,0,0,3,0,0,3,46,34,2
3,0,0,1,0,0,8,13,15,1
4,0,0,7,1,1,2,84,72,4
6,0,0,1,0,0,5,23,18,1
4,0,0,7,1,0,1,75,77,4
5,0,0,9,1,1,0,100,97,6
1,1,0,3,1,0,6,40,37,2
3,0,0,8,1,0,2,67,87,4
2,0,0,3,1,0,4,22,25,5
3,0,0,2,0,0,8,23,18,1
6,0,0,4,1,0,3,42,42,2
3,0,0,6,1,0,2,83,76,4
5,0,0,2,0,0,5,22,10,1
2,0,0,2,0,0,5,19,29,1
2,0,0,2,0,0,5,10,12,1
4,0,0,0,0,0,9,0,0,0
5,0,0,5,1,1,3,62,68,3
5,0,0,8,0,0,1,65,87,4
2,0,0,4,0,0,5,35,50,2
4,0,1,3,1,0,6,41,36,2
4,0,0,7,0,1,2,81,81,4
2,0,0,7,1,1,1,82,88,4
3,0,0,5,1,1,3,60,61,3
2,0,0,3,1,0,4,31,34,5
3,0,0,5,0,1,2,59,68,3
6,0,0,8,1,0,1,73,74,4
3,0,0,5,1,0,3,69,51,3
3,0,0,6,0,0,3,52,54,3
1,1,0,7,0,1,2,82,89,4
5,0,0,2,0,0,8,18,26,1
4,0,0,1,0,0,7,20,15,1
6,0,0,5,1,1,2,52,72,3
6,0,0,3,0,0,4,44,35,2
5,0,0,3,1,0,5,42,38,2
5,0,0,7,0,0,1,81,74,4
5,0,0,4,0,0,5,41,41,2
5,0,0,2,1,0,7,13,28,1
2,0,0,1,0,0,7,18,20,1
5,0,0,0,0,0,9,0,0,0
3,0,0,4,0,1,6,49,34,2
7,1,0,6,0,0,3,68,75,4
2,0,0,5,1,1,2,58,60,3
4,0,0,3,1,0,5,25,21,5
6,0,0,2,1,0,6,11,19,1
2,0,0,5,1,1,4,52,69,3
2,0,0,3,1,0,3,34,33,2
5,0,0,5,1,1,2,51,73,3
2,0,1,8,1,1,3,73,77,4
4,0,0,3,1,0,6,29,27,5
5,0,0,5,1,1,4,70,53,3
5,0,0,4,0,1,6,42,30,2
5,0,0,2,0,0,8,16,17,1
3,0,0,2,1,0,7,25,27,1
5,0,0,6,1,0,1,71,70,4
4,0,0,7,1,1,1,81,79,4
7,1,0,2,0,0,7,15,28,1
3,0,0,4,0,1,3,47,31,2
6,0,0,8,0,1,2,65,83,4
4,0,0,1,1,0,5,18,22,1
1,1,0,5,1,0,3,61,69,3
3,0,0,6,1,1,3,62,55,3
2,0,0,6,0,1,1,65,86,4
2,0,0,3,0,0,4,35,37,2
6,0,0,4,0,0,6,43,49,2
2,0,0,2,1,0,4,36,28,5
4,0,1,2,1,0,6,38,24,5
6,0,0,3,0,1,5,39,45,2
2,0,0,2,0,0,6,24,28,1
2,0,0,7,0,1,2,83,70,4
3,0,0,2,0,0,7,14,24,1
7,1,0,4,1,0,6,34,40,2
2,0,0,2,1,0,5,24,19,1
2,0,0,0,0,0,9,0,0,0
4,0,0,3,0,1,6,36,46,2
3,0,0,3,1,0,4,28,22,5
5,0,0,5,0,0,4,51,64,3
2,0,0,0,0,0,9,0,0,0
5,0,0,3,0,0,5,44,33,2
2,0,0,0,0,0,9,0,0,0
5,0,0,5,1,1,4,51,66,3
2,0,0,2,1,0,4,27,31,5
3,0,0,0,0,0,9,0,0,0
2,0,0,3,1,0,4,38,36,5
6,0,0,7,1,1,1,77,83,4
7,1,0,8,0,1,3,82,89,4
5,0,0,8,1,1,1,79,74,4
2,0,0,6,1,0,2,50,52,3
5,0,0,4,0,1,5,34,36,2
5,0,0,7,1,1,1,70,70,4
3,0,0,2,0,0,7,19,30,1
2,0,0,5,1,0,2,54,72,3
5,0,0,4,0,0,6,42,42,2
1,1,0,3,1,0,4,34,30,2
5,0,0,0,0,0,9,0,0,0
2,0,0,5,1,1,2,59,58,3
3,0,0,4,0,0,4,41,32,2
3,0,0,0,0,0,9,0,0,0
6,0,0,4,1,1,6,38,32,2
3,0,0,5,0,1,4,68,52,3
2,0,0,2,1,0,6,35,35,5
6,0,0,3,0,0,3,35,38,2
5,0,0,6,1,1,2,66,88,4
5,0,0,6,0,1,2,78,80,4
6,0,0,0,0,0,9,0,0,0
3,0,0,6,0,0,2,67,50,3
2,0,0,1,0,0,8,12,23,1
3,0,0,3,1,0,6,39,50,2
3,0,0,5,0,1,3,67,50,3
1,1,0,5,1,0,4,51,54,3
3,0,0,5,1,0,2,67,74,3
2,0,0,2,1,0,5,37,40,5
2,0,0,2,1,0,5,20,31,5
2,0,0,3,0,1,4,31,45,2
5,0,0,3,1,0,4,35,39,5
2,0,0,6,0,1,1,69,85,4
5,0,0,3,1,0,5,46,37,2
1,1,0,3,0,1,5,31,48,2
2,0,0,6,0,0,1,71,87,4
4,0,0,8,1,0,1,74,88,4
3,0,0,7,0,0,1,74,89,4
4,0,0,3,0,0,5,41,43,2
4,0,0,3,0,0,4,33,42,2
6,0,0,6,1,1,4,60,63,3
2,0,0,1,0,0,7,25,13,1
5,0,0,2,0,0,6,24,18,1
1,1,0,3,0,1,3,44,44,2
4,0,0,4,1,0,6,46,50,2
4,0,0,1,0,0,8,12,14,1
1,1,0,1,0,0,6,12,23,1
5,0,0,8,1,0,1,75,83,4
5,0,0,5,1,1,2,68,51,3
5,0,0,6,0,1,3,70,67,3
5,0,0,0,0,0,9,0,0,0
2,0,0,1,0,0,5,13,23,1
4,0,0,6,1,0,2,80,88,4
3,0,0,1,0,0,6,19,19,1
4,0,0,4,0,1,6,50,33,2
4,0,0,4,0,1,5,35,31,2
6,0,0,2,0,0,8,17,18,1
3,0,0,2,1,0,6,17,26,1
5,0,0,2,0,0,5,13,29,1
5,0,0,4,0,0,3,33,30,2
3,0,0,6,1,1,3,68,73,3
1,1,0,0,0,0,9,0,0,0
5,0,0,6,0,1,4,56,63,3
3,0,0,2,0,0,8,19,22,1
5,0,0,4,0,1,5,40,47,2
5,0,0,3,0,0,6,39,42,2
3,0,0,5,0,1,4,64,67,3
5,0,0,3,1,0,3,34,35,2
5,0,0,2,1,0,4,32,31,5
3,0,0,1,0,0,5,24,29,1
2,0,0,1,1,0,7,24,30,1
5,0,0,3,1,0,6,35,27,5
7,1,0,6,1,0,1,80,82,4
2,0,0,1,0,0,7,23,21,1
3,0,0,3,1,0,5,37,47,2
4,0,0,2,1,0,6,23,27,5
2,0,0,0,0,0,9,0,0,0
1,1,0,3,0,0,6,33,37,2
3,0,0,7,1,1,2,75,79,4
2,0,0,3,0,1,6,38,47,2
5,0,0,8,0,1,2,67,86,4
4,0,0,7,1,1,1,72,81,4
2,0,0,2,0,0,6,24,27,1
2,0,0,5,0,1,3,56,54,3
6,0,0,0,0,0,9,0,0,0
1,1,0,4,0,0,4,35,46,2
3,0,0,6,1,1,3,55,74,3
3,0,0,7,1,1,3,70,82,4
5,0,0,6,1,0,3,66,89,4
4,0,0,0,0,0,9,0,0,0
2,0,0,2,1,0,7,23,23,1
4,0,0,4,0,0,4,34,46,2
4,0,0,2,0,0,8,17,27,1
2,0,0,6,1,1,1,83,90,4
6,0,0,3,0,1,3,35,47,2
3,0,0,7,0,1,3,78,90,4
3,0,0,2,0,0,5,20,27,1
2,0,0,6,0,1,4,60,72,3
1,1,0,2,1,0,5,19,21,1
4,0,0,4,1,1,4,34,37,2
5,0,0,7,1,1,2,66,78,4
5,0,0,4,0,0,3,33,37,2
5,0,0,6,1,0,3,61,54,3
4,0,0,0,0,0,9,0,0,0
4,0,0,4,0,1,4,49,36,2
5,0,0,2,0,0,6,22,24,1
5,0,0,6,1,1,4,70,75,3
3,0,0,6,1,1,1,82,78,4
4,0,0,4,0,0,6,32,42,2
5,0,0,5,1,1,4,59,75,3
4,0,0,7,0,1,2,74,85,4
3,0,0,3,0,0,4,45,39,2
4,0,0,3,1,1,4,43,40,2
3,0,0,5,0,0,2,50,65,3
5,0,0,8,0,1,1,76,84,4
4,0,0,3,1,0,5,35,28,5
6,0,0,3,0,0,3,35,40,2
5,0,0,2,0,0,5,14,21,1
2,0,0,6,1,1,2,70,65,3
2,0,0,10,1,1,2,85,97,6
3,0,0,8,1,0,3,82,73,4
3,0,0,3,0,0,6,33,35,2
6,0,0,5,0,0,4,64,58,3
2,0,0,7,1,1,3,75,75,4
4,0,0,5,0,0,4,50,63,3
3,0,0,7,1,0,1,66,73,4
5,0,0,6,1,1,3,85,80,4
5,0,0,3,1,1,6,50,31,2
3,0,0,7,0,0,3,81,77,4
6,0,0,4,0,0,5,35,35,2
5,0,0,4,0,0,3,32,38,2
4,0,1,1,0,0,7,23,12,1
4,0,0,6,0,1,3,58,68,3
2,0,0,4,0,0,3,42,40,2
4,0,0,0,0,0,9,0,0,0
1,1,1,5,1,0,3,69,59,3
5,0,0,0,0,0,9,0,0,0
4,0,0,8,1,1,2,88,99,6
6,0,0,6,0,0,2,54,61,3
3,0,0,5,1,0,3,65,52,3
7,1,0,3,0,0,5,37,34,2
2,0,0,6,1,1,4,70,55,3
5,0,0,6,0,0,3,72,71,4
5,0,0,2,1,0,5,24,27,5
2,0,0,6,1,0,4,52,66,3
5,0,0,3,0,0,6,34,36,2
1,1,0,0,0,0,9,0,0,0
3,0,0,6,1,1,3,81,76,4
5,0,0,2,1,0,4,30,33,5
4,0,0,1,0,0,8,21,10,1
3,0,0,6,1,1,3,58,69,3
1,1,0,5,0,0,3,52,53,3
7,1,0,4,1,0,5,31,49,2
5,0,0,7,1,1,3,65,90,4
4,0,0,6,0,0,2,63,54,3
5,0,0,1,0,0,5,20,17,1
3,0,1,3,0,0,3,31,42,2
5,0,0,5,0,1,3,58,54,3
6,0,0,5,0,0,3,64,63,3
2,0,0,6,0,1,4,67,55,3
6,0,0,8,0,1,3,84,87,4
4,0,0,4,1,1,3,33,33,2
3,0,0,4,1,0,5,44,34,2
7,1,0,3,1,0,4,22,25,5
6,0,0,6,0,0,3,64,65,3
4,0,0,7,1,1,2,70,86,4
4,0,0,6,1,0,4,63,54,3
2,0,0,0,0,0,9,0,0,0
7,1,0,8,1,1,1,78,70,4
3,0,0,5,1,0,2,50,65,3
1,1,0,3,0,0,5,30,45,2
4,0,0,4,0,0,4,48,36,2
1,1,0,8,1,1,3,82,79,4
2,0,0,6,0,0,2,61,68,3
2,0,0,5,1,1,3,70,75,3
7,1,0,4,0,1,6,42,30,2
3,0,0,6,0,1,1,82,77,4
5,0,0,3,1,0,5,43,33,2
3,0,0,3,0,0,3,44,38,2
4,0,0,2,0,0,7,18,28,1
4,0,0,2,1,0,5,25,39,5
4,0,0,7,0,1,3,79,74,4
5,0,0,3,0,0,5,32,47,2
2,0,0,0,0,0,9,0,0,0
4,0,0,4,0,1,6,45,40,2
5,0,0,6,1,1,3,65,68,3
2,0,0,0,0,0,9,0,0,0
2,0,0,5,1,0,2,54,70,3
3,0,0,6,0,1,2,59,59,3
3,0,0,4,0,0,3,34,30,2
2,0,0,4,1,0,6,33,35,2
4,0,0,4,0,1,6,45,36,2
3,0,0,5,1,0,3,67,61,3
3,0,0,6,1,1,4,54,55,3
6,0,0,7,1,1,3,75,82,4
4,0,0,0,0,0,9,0,0,0
1,1,0,3,0,0,6,46,50,2
2,0,0,5,0,0,3,67,62,3
2,0,0,6,1,1,1,69,90,4
4,0,0,6,0,1,3,69,70,3
2,0,0,8,1,0,3,82,78,4
4,0,0,2,0,0,8,23,27,1
2,0,0,4,0,0,6,37,38,2
4,0,0,6,0,0,3,82,76,4
4,0,0,2,0,0,8,15,14,1
3,0,0,6,0,0,3,66,52,3
2,0,0,8,1,1,1,70,80,4
3,0,0,1,1,0,8,25,11,1
2,0,1,6,1,0,2,71,72,4
3,0,0,0,0,0,9,0,0,0
2,0,0,2,1,0,8,18,29,1
2,0,0,2,0,0,5,20,21,1
7,1,0,3,1,0,4,22,28,5
2,0,0,3,0,0,5,49,48,2
5,0,0,3,0,1,6,30,37,2
4,0,0,3,0,0,6,38,41,2
6,0,0,8,0,1,2,80,78,4
5,0,0,8,0,1,3,65,86,4
1,1,0,0,0,0,9,0,0,0
6,0,0,4,0,0,6,33,45,2
5,0,0,4,0,0,5,44,44,2
1,1,0,5,1,1,3,56,58,3
2,0,0,1,0,0,8,19,15,1
3,0,0,7,0,0,1,73,77,4
5,0,0,4,1,1,3,34,45,2
2,0,0,3,1,0,5,36,20,5
6,0,0,4,0,1,5,44,30,2
3,0,0,4,1,0,5,50,35,2
5,0,0,8,1,0,3,80,75,4
2,0,0,3,1,0,6,29,28,5
2,0,0,7,1,0,1,80,76,4
6,0,0,6,1,0,2,50,65,3
7,1,0,7,1,1,1,73,80,4
6,0,0,7,1,1,2,82,72,4
5,0,0,4,1,0,4,39,49,2
6,0,0,3,0,0,5,34,47,2
6,0,0,3,0,0,3,46,48,2
4,0,0,7,0,0,3,73,84,4
6,0,0,5,0,0,2,50,72,3
2,0,0,2,0,0,7,22,28,1
4,0,0,0,0,0,9,0,0,0
4,0,0,7,1,0,2,67,87,4
2,0,0,4,0,1,5,36,35,2
5,0,0,2,1,0,5,31,36,5
3,0,0,8,0,1,3,68,77,4
6,0,0,0,0,0,9,0,0,0
5,0,0,4,1,0,5,32,48,2
6,0,0,2,0,0,5,10,28,1
2,0,0,0,0,0,9,0,0,0
7,1,0,3,1,0,6,37,45,2
3,0,0,5,1,0,4,68,53,3
5,0,0,4,0,0,5,31,31,2
6,0,0,4,1,1,3,40,46,2
4,0,0,2,0,0,5,21,19,1
2,0,0,0,0,0,9,0,0,0
2,0,0,0,0,0,9,0,0,0
4,0,0,1,0,0,6,12,15,1
2,0,0,1,1,0,6,14,19,1
2,0,1,7,0,1,1,73,90,4
2,0,0,3,1,0,3,37,42,2
1,1,0,6,0,1,3,54,54,3
4,0,0,4,0,1,6,50,49,2
7,1,0,3,1,0,5,26,38,5
5,0,0,5,0,1,4,54,65,3
4,0,0,6,1,0,2,56,67,3
5,0,0,5,0,1,2,65,70,3
7,1,0,6,0,0,2,82,75,4
4,0,0,7,1,1,1,71,77,4
5,0,0,8,0,1,1,82,89,4
6,0,0,5,1,0,4,65,53,3
4,0,0,8,0,0,1,69,86,4
3,0,0,1,1,0,7,10,27,1
2,0,0,1,0,0,7,12,22,1
3,0,0,5,1,0,4,56,59,3
4,0,0,6,1,0,3,57,73,3
2,0,0,3,0,1,5,44,30,2
3,0,0,7,1,1,1,89,94,6
2,0,0,6,1,0,1,71,79,4
7,1,0,6,1,0,2,69,68,3
5,0,0,0,0,0,9,0,0,0
5,0,0,2,1,0,5,22,25,5
5,0,0,4,0,0,5,32,47,2
7,1,0,3,1,0,6,30,21,5
4,0,0,0,0,0,9,0,0,0
3,0,0,6,1,1,1,66,74,4
2,0,0,6,1,1,4,67,50,3
3,0,0,5,1,1,4,65,54,3
4,0,0,8,0,0,1,68,87,4
6,0,0,3,0,1,5,44,42,2
5,0,0,0,0,0,9,0,0,0
6,0,0,3,1,0,6,32,23,5
2,0,0,4,0,1,4,36,40,2
4,0,0,3,1,0,4,26,27,5
7,1,1,7,1,0,2,69,79,4
5,0,0,4,1,0,4,43,50,2
1,1,0,3,1,1,4,45,47,2
4,0,0,2,0,0,7,17,10,1
6,0,0,4,0,0,6,46,41,2
4,0,0,0,0,0,9,0,0,0
6,0,0,3,0,1,4,50,46,2
4,0,0,6,1,1,2,67,80,4
4,0,0,1,0,0,5,23,17,1
2,0,0,1,0,0,8,10,29,1
1,1,0,8,1,0,2,71,89,4
3,0,0,5,0,1,3,64,66,3
2,0,0,4,0,0,3,47,37,2
2,0,0,0,0,0,9,0,0,0
2,0,0,4,0,0,6,35,49,2
6,0,0,3,1,0,3,49,49,2
1,1,0,8,0,0,2,85,75,4
5,0,0,0,0,0,9,0,0,0
4,0,0,7,1,1,1,68,87,4
3,0,0,4,1,0,6,50,40,2
4,0,0,2,1,0,5,16,19,1
3,0,0,1,0,0,5,25,15,1
3,0,0,3,0,0,6,36,37,2
3,0,0,8,1,1,2,75,76,4
4,0,0,1,0,0,8,13,27,1
4,0,0,0,0,0,9,0,0,0
5,0,0,7,1,0,3,76,76,4
3,0,0,4,0,0,5,30,43,2
5,0,0,3,0,1,6,33,39,2
2,0,0,4,0,0,4,34,43,2
2,0,0,3,0,0,4,32,38,2
2,0,0,0,0,0,9,0,0,0
3,0,0,7,0,0,2,75,72,4
2,0,0,6,0,0,1,68,86,4
1,1,0,3,0,0,3,32,41,2
4,0,1,8,0,1,2,68,78,4
7,1,0,8,1,0,2,83,83,4
5,0,0,8,0,1,1,81,78,4
2,0,0,8,1,1,3,81,78,4
2,0,0,2,1,0,6,23,40,5
6,0,0,3,1,1,5,35,41,2
2,0,0,6,1,1,3,63,60,3
5,0,0,3,1,0,6,27,20,5
2,0,0,5,0,0,4,58,74,3
1,1,0,2,1,0,5,27,23,5
3,0,0,2,1,0,6,34,22,5
1,1,0,7,1,0,1,65,82,4
7,1,0,6,1,1,1,68,79,4
2,0,0,4,0,0,6,35,49,2
1,1,0,6,0,1,1,84,74,4
3,0,0,2,0,0,5,12,17,1
3,0,0,6,1,0,3,82,82,4
6,0,0,10,1,1,1,80,85,6
5,0,0,5,0,0,3,56,74,3
4,0,0,1,0,0,8,19,17,1
3,0,1,5,0,1,2,61,61,3
3,0,0,7,0,1,1,68,73,4
3,0,0,0,0,0,9,0,0,0
2,0,0,5,1,0,3,67,63,3
4,0,0,4,0,1,6,50,35,2
7,1,0,7,0,0,1,75,78,4
2,0,0,2,0,0,8,14,23,1
2,0,0,2,1,0,4,35,33,5
5,0,0,5,1,0,4,56,74,3
2,0,0,6,0,0,4,68,64,3
5,0,0,3,0,0,5,41,34,2
2,0,0,4,0,1,6,37,41,2
4,0,0,4,0,0,6,38,42,2
4,0,0,1,0,0,5,25,18,1
1,1,0,2,0,0,7,21,30,1
2,0,0,8,0,1,2,67,76,4
2,0,0,3,0,1,5,42,48,2
4,0,0,3,0,1,5,30,40,2
4,0,0,7,0,1,1,72,76,4
3,0,0,5,0,0,3,61,63,3
7,1,0,6,1,0,3,79,75,4
5,0,0,3,0,0,5,31,45,2
5,0,0,4,0,0,4,39,48,2
5,0,0,5,0,0,3,53,60,3
2,0,0,6,0,1,4,54,61,3
3,0,0,3,0,0,6,37,45,2
2,0,0,8,1,0,1,80,86,4
4,0,0,3,1,0,5,33,36,2
2,0,0,5,1,1,3,67,60,3
3,0,0,6,1,0,3,62,71,3
6,0,0,7,0,1,2,69,86,4
6,0,0,6,1,1,2,66,82,4
5,0,1,0,0,0,9,0,0,0
4,0,0,4,0,0,5,39,33,2
3,0,0,8,1,0,1,68,90,4
6,0,0,6,0,1,3,57,55,3
4,0,0,3,0,0,4,33,31,2
2,0,0,1,0,0,7,24,25,1
5,0,0,3,1,0,5,39,49,2
7,1,0,3,0,0,3,44,36,2
2,0,0,4,1,0,4,48,35,2
3,0,0,5,1,0,2,67,66,3
4,0,0,4,1,1,6,48,47,2
3,0,0,3,1,1,4,30,41,2
4,0,0,6,1,0,3,73,90,4
7,1,0,0,0,0,9,0,0,0
5,0,0,0,0,0,9,0,0,0
3,0,0,8,0,0,2,69,70,4
4,0,0,6,1,0,2,50,65,3
2,0,0,7,1,1,1,73,70,4
5,0,0,6,0,1,3,53,64,3
4,0,0,6,1,0,3,53,64,3
3,0,0,0,0,0,9,0,0,0
2,0,0,4,0,0,6,49,31,2
3,0,0,4,0,0,5,47,45,2
5,0,0,5,0,0,4,69,62,3
3,0,0,4,0,1,6,46,41,2
5,0,0,6,0,0,3,69,67,3
1,1,0,0,0,0,9,0,0,0
3,0,0,5,1,1,2,69,69,3
1,1,1,2,1,0,6,32,20,5
5,0,0,2,1,0,5,30,20,5
5,0,0,6,1,0,3,57,57,3
2,0,0,3,1,0,3,41,40,2
5,0,0,3,1,0,6,36,40,2
5,0,0,6,0,1,2,59,73,3
3,0,0,5,0,1,3,61,58,3
4,0,0,0,0,0,9,0,0,0
2,0,0,3,1,0,6,47,47,2
6,0,0,2,0,0,7,21,24,1
7,1,0,7,0,1,1,76,70,4
2,0,0,6,0,1,2,68,65,3
1,1,0,6,1,1,3,51,70,3
2,0,0,3,1,0,6,40,23,5
2,0,0,0,0,0,9,0,0,0
2,0,0,7,1,1,3,77,82,4
2,0,0,0,0,0,9,0,0,0
3,0,0,6,1,0,3,50,70,3
6,0,0,7,1,1,3,79,90,4
3,0,0,3,1,0,3,39,49,2
4,0,0,6,0,0,2,63,56,3
2,0,0,6,0,1,2,57,63,3
5,0,0,4,1,0,3,35,38,2
3,0,0,2,0,0,6,13,10,1
2,0,0,2,0,0,5,13,11,1
3,0,0,0,0,0,9,0,0,0
5,0,1,5,1,0,4,56,75,3
4,0,0,2,0,0,8,15,25,1
6,0,0,4,0,0,3,33,42,2
7,1,0,3,1,0,6,25,32,5
1,1,0,7,1,1,3,79,80,4
4,0,0,2,1,0,5,25,21,5
7,1,0,4,0,1,5,37,37,2
1,1,0,5,0,0,2,63,53,3
4,0,0,2,0,0,7,22,21,1
5,0,0,0,0,0,9,0,0,0
2,0,0,1,0,0,8,24,17,1
3,0,0,4,1,0,4,43,33,2
6,0,0,6,0,1,3,56,52,3
2,0,0,2,1,0,6,16,29,1
5,0,0,5,1,0,4,56,63,3
4,0,0,2,1,0,6,25,36,5
5,0,0,6,0,0,4,67,71,3
1,1,0,2,0,0,7,14,16,1
4,0,0,4,0,1,4,40,41,2
5,0,0,2,1,0,7,15,18,1
5,0,0,1,0,0,8,25,25,1
2,0,0,2,1,0,6,32,21,5
4,0,1,2,1,0,6,38,40,5
4,0,0,3,1,0,4,25,35,5
2,0,0,3,0,0,4,49,37,2
7,1,0,7,1,1,2,83,92,6
3,0,0,3,0,1,5,50,41,2
3,0,0,3,1,1,4,48,47,2
1,1,0,7,1,0,1,80,87,4
6,0,0,4,0,0,5,33,32,2
2,0,1,9,1,1,2,80,86,6
4,0,0,0,0,0,9,0,0,0
5,0,0,7,1,1,2,80,72,4
2,0,0,8,1,1,2,66,75,4
2,0,0,2,0,0,7,21,14,1
3,0,0,3,0,0,3,30,31,2
3,0,0,1,0,0,6,19,17,1
6,0,0,6,1,1,2,61,65,3
4,0,1,2,0,0,7,22,23,1
4,0,0,2,0,0,8,18,11,1
6,0,0,0,0,0,9,0,0,0
5,0,0,6,1,1,1,80,75,4
2,0,0,8,1,1,1,95,94,6
2,0,0,0,0,0,9,0,0,0
2,0,0,6,1,1,3,64,64,3
4,0,0,6,0,1,4,68,68,3
3,0,0,6,0,0,3,81,80,4
5,0,0,6,0,0,3,70,56,3
4,0,1,7,0,1,1,75,84,4
3,0,0,6,0,1,3,71,85,4
3,0,0,6,1,1,3,69,76,4
2,0,0,4,0,1,4,40,39,2
7,1,0,6,0,1,2,64,59,3
2,0,0,6,0,0,2,73,90,4
3,0,0,2,0,0,7,22,27,1
3,0,0,6,0,0,3,69,85,4
2,0,0,7,0,1,1,68,72,4
3,0,0,6,1,1,3,58,54,3
4,0,0,3,0,0,5,50,31,2
6,0,0,6,1,0,2,50,58,3
2,0,0,5,1,1,3,61,69,3
4,0,0,7,0,1,1,79,81,4
6,0,0,7,0,0,3,72,77,4
5,0,0,6,0,1,4,62,75,3
5,0,0,8,1,1,0,96,91,6
5,0,0,1,0,0,7,11,19,1
3,0,0,2,0,0,5,17,13,1
3,0,0,7,1,1,2,77,85,4
6,0,0,3,1,0,4,37,32,5
5,0,0,4,0,1,3,30,42,2
5,0,0,6,1,0,2,62,61,3
3,0,0,3,1,0,4,37,41,2
4,0,0,4,0,1,3,44,39,2
4,0,0,6,1,0,4,65,73,3
3,0,0,1,0,0,5,19,14,1
2,0,0,5,1,0,2,50,52,3
7,1,0,1,0,0,8,25,24,1
3,0,0,7,0,1,3,82,74,4
5,0,1,0,0,0,9,0,0,0
3,0,0,4,1,0,4,39,43,2
1,1,0,0,0,0,9,0,0,0
5,0,0,1,1,0,5,21,28,1
2,0,0,2,1,0,4,27,21,5
3,0,0,4,0,0,5,43,33,2
5,0,0,4,0,1,5,43,31,2
5,0,0,2,0,0,6,18,15,1
3,0,0,4,0,0,5,37,33,2
5,0,0,3,1,0,5,22,33,5
3,0,0,0,0,0,9,0,0,0
5,0,1,1,1,0,5,17,23,1
6,0,0,4,0,0,5,31,32,2
3,0,0,8,1,1,1,70,89,4
2,0,0,7,0,1,1,73,71,4
2,0,0,1,0,0,7,20,13,1
7,1,0,0,0,0,9,0,0,0
6,0,0,0,0,0,9,0,0,0
2,0,0,1,1,0,7,16,30,1
3,0,0,0,0,0,9,0,0,0
5,0,0,3,0,0,4,31,48,2
7,1,0,3,1,0,5,29,25,5
5,0,0,8,0,0,3,73,71,4
5,0,0,5,1,1,2,70,61,3
2,0,0,1,1,0,6,16,25,1
2,0,0,6,1,1,3,52,60,3
5,0,0,8,0,1,3,80,70,4
5,0,0,6,0,1,2,62,55,3
7,1,0,8,0,1,2,79,80,4
4,0,0,7,0,0,3,67,70,4
4,0,0,4,0,0,6,35,32,2
4,0,1,3,1,1,5,50,49,2
4,0,0,0,0,0,9,0,0,0
1,1,0,6,1,0,2,72,77,4
3,0,0,2,1,0,6,16,27,1
3,0,0,4,0,0,5,37,40,2
4,0,0,2,0,0,8,22,20,1
1,1,0,6,1,1,3,70,79,4
5,0,0,3,1,0,5,25,24,5
6,0,0,3,1,1,3,33,46,2
4,0,0,0,0,0,9,0,0,0
5,0,0,7,0,1,3,81,82,4
6,0,0,2,0,0,6,12,30,1
3,0,0,6,0,0,4,69,63,3
2,0,0,0,0,0,9,0,0,0
2,0,0,7,0,0,3,74,70,4
4,0,0,3,1,0,3,33,43,2
2,0,0,1,0,0,5,19,25,1
6,0,0,0,0,0,9,0,0,0
7,1,0,4,0,0,4,33,37,2
4,0,0,2,0,0,6,14,13,1
6,0,0,0,0,0,9,0,0,0
3,0,0,4,0,0,5,38,48,2
1,1,0,8,0,0,3,69,88,4
4,0,0,4,0,0,5,44,30,2
5,0,0,6,0,1,3,80,70,4
5,0,0,5,1,1,2,59,65,3
2,0,0,8,1,1,1,66,89,4
3,0,0,4,0,0,4,31,33,2
5,0,0,6,0,1,2,59,75,3
3,0,0,8,1,1,1,65,87,4
2,0,0,6,0,0,3,74,87,4
5,0,0,6,1,1,4,59,58,3
4,0,0,2,0,0,7,22,19,1
5,0,0,4,0,1,6,35,48,2
3,0,0,8,1,1,1,74,72,4
5,0,0,6,0,1,2,71,74,4
7,1,0,2,1,0,5,40,40,5
7,1,0,8,0,0,1,65,85,4
5,0,0,2,0,0,7,17,12,1
2,0,0,5,0,0,2,60,57,3
3,0,0,5,1,1,4,65,71,3
4,0,0,7,1,1,1,82,76,4
5,0,0,3,0,1,6,41,42,2
3,0,0,5,1,1,4,56,68,3
1,1,0,1,0,0,6,16,12,1
2,0,0,2,0,0,5,23,21,1
3,0,0,6,1,0,3,67,55,3
2,0,0,1,0,0,6,25,14,1
3,0,0,10,1,1,0,84,94,6
3,0,0,8,0,0,2,83,85,4
3,0,0,2,0,0,6,22,17,1
2,0,0,6,1,0,2,78,75,4
2,0,0,5,0,1,4,64,60,3
4,0,0,6,1,0,3,78,74,4
3,0,0,0,0,0,9,0,0,0
1,1,0,3,1,0,4,37,39,5
1,1,0,3,0,1,3,36,50,2
5,0,0,6,1,0,3,70,76,4
4,0,0,5,0,1,2,64,55,3
2,0,0,0,0,0,9,0,0,0
5,0,0,6,0,0,3,53,71,3
4,0,0,3,1,0,4,40,27,5
4,0,0,0,0,0,9,0,0,0
4,0,0,4,0,0,4,42,45,2
5,0,0,9,1,1,1,96,89,6
3,0,0,0,0,0,9,0,0,0
3,0,0,2,0,0,7,19,25,1
5,0,0,4,1,0,5,48,46,2
3,0,0,5,0,0,4,51,75,3
4,0,0,5,1,1,4,66,57,3
3,0,0,0,0,0,9,0,0,0
3,0,0,6,1,1,4,62,51,3
5,0,0,6,1,1,1,65,75,4
4,0,1,2,1,0,4,34,39,5
7,1,0,8,0,1,2,72,77,4
5,0,0,5,1,1,2,65,58,3
2,0,0,2,0,0,6,14,11,1
5,0,0,6,0,0,3,74,70,4
5,0,0,3,1,0,4,20,30,5
1,1,0,4,0,0,3,41,50,2
3,0,0,6,0,1,3,83,88,4
4,0,0,7,0,0,1,74,85,4
5,0,0,7,1,1,0,95,94,6
4,0,0,5,0,1,2,61,55,3
4,0,0,2,1,0,5,19,19,1
6,0,0,4,0,0,5,43,40,2
4,0,0,8,0,0,3,85,73,4
3,0,0,6,1,0,2,52,61,3
1,1,0,4,1,1,4,44,46,2
3,0,0,4,1,0,4,32,38,2
2,0,0,6,0,0,3,84,70,4
5,0,0,6,1,1,2,59,51,3
5,0,0,6,1,1,1,67,73,4
7,1,0,7,0,1,1,65,74,4
6,0,1,4,1,1,6,41,38,2
7,1,0,2,0,0,8,24,20,1
5,0,0,3,1,0,4,32,27,5
6,0,0,4,1,0,6,40,44,2
2,0,0,0,0,0,9,0,0,0
4,0,0,0,0,0,9,0,0,0
3,0,0,1,0,0,8,11,23,1
5,0,0,1,0,0,7,22,25,1
1,1,0,4,1,0,3,34,43,2
6,0,0,0,0,0,9,0,0,0
3,0,0,4,0,1,4,47,50,2
2,0,0,2,0,0,7,12,25,1
4,0,0,4,0,1,3,44,47,2
3,0,0,8,1,1,1,68,73,4
7,1,0,1,0,0,5,18,22,1
6,0,0,0,0,0,9,0,0,0
5,0,0,6,1,1,2,59,59,3
3,0,0,4,0,0,3,31,44,2
4,0,1,4,0,1,4,49,33,2
2,0,0,1,0,0,6,16,18,1
7,1,0,6,1,0,2,61,75,3
4,0,0,0,0,0,9,0,0,0
3,0,0,8,1,1,1,82,73,4
3,0,0,0,0,0,9,0,0,0
3,0,0,2,0,0,5,25,21,1
3,0,0,4,0,0,6,42,48,2
4,0,0,0,0,0,9,0,0,0
2,0,0,0,0,0,9,0,0,0
3,0,0,4,0,0,4,31,36,2
2,0,0,3,1,0,6,28,30,5
3,0,0,6,1,0,1,82,80,4
3,0,0,3,0,0,6,39,44,2
1,1,0,4,0,1,4,47,38,2
7,1,0,7,0,1,3,77,82,4
5,0,0,5,1,1,4,51,64,3
5,0,0,8,1,1,2,69,84,4
2,0,0,2,1,0,5,11,23,1
6,0,0,1,0,0,8,10,21,1
4,0,0,0,0,0,9,0,0,0
3,0,0,4,0,0,3,46,43,2
4,0,0,6,1,0,2,81,86,4
2,0,0,7,1,1,3,77,74,4
1,1,0,6,0,0,3,63,50,3
4,0,0,1,0,0,6,15,29,1
1,1,0,6,0,1,1,69,74,4
4,0,0,1,0,0,8,21,12,1
4,0,0,5,1,0,4,59,53,3
4,0,0,6,1,0,1,75,79,4
3,0,0,5,1,1,2,69,72,3
3,0,0,3,0,0,3,32,47,2
4,0,0,7,0,1,2,83,84,4
3,0,0,0,0,0,9,0,0,0
6,0,0,6,1,1,2,74,76,4
5,0,0,0,0,0,9,0,0,0
5,0,0,3,0,0,4,43,44,2
4,0,0,6,1,1,3,65,73,3
3,0,0,6,1,1,3,74,89,4
3,0,0,1,0,0,8,15,12,1
2,0,0,6,0,1,2,60,50,3
2,0,0,6,1,1,3,63,50,3
2,0,0,2,1,0,8,25,25,1
2,0,0,6,0,0,3,70,71,3
3,0,0,6,0,0,4,61,61,3
4,0,0,6,0,1,3,63,62,3
4,0,0,8,1,1,2,67,87,4
2,0,0,3,1,0,3,36,35,2
2,0,0,3,0,1,3,31,37,2
6,0,0,2,1,0,4,24,32,5
4,0,0,3,1,1,4,47,40,2
3,0,0,0,0,0,9,0,0,0
1,1,0,0,0,0,9,0,0,0
3,0,0,0,0,0,9,0,0,0
4,0,0,0,0,0,9,0,0,0
6,0,0,5,0,0,2,64,52,3
6,0,0,0,0,0,9,0,0,0
1,1,0,2,0,0,8,19,25,1
2,0,0,0,0,0,9,0,0,0
4,0,0,8,1,0,2,76,74,4
1,1,0,8,0,1,1,67,79,4
2,0,0,8,0,0,3,75,79,4
2,0,0,8,1,0,3,85,71,4
5,0,0,6,0,1,3,65,72,3
6,0,0,0,0,0,9,0,0,0
5,0,0,0,0,0,9,0,0,0
4,0,0,3,1,0,6,31,50,2
1,1,0,3,0,0,5,42,46,2
2,0,0,0,0,0,9,0,0,0
6,0,0,0,0,0,9,0,0,0
2,0,0,6,1,1,4,66,63,3
3,0,0,7,1,1,2,76,73,4
5,0,0,4,0,0,6,42,32,2
2,0,0,1,0,0,7,17,24,1
1,1,0,3,0,0,6,38,41,2
5,0,0,7,0,0,3,78,86,4
6,0,0,3,1,0,3,34,40,2
6,0,0,6,1,1,1,85,71,4
5,0,0,0,0,0,9,0,0,0
7,1,0,0,0,0,9,0,0,0
2,0,0,5,0,0,2,54,64,3
2,0,0,2,0,0,7,12,23,1
5,0,0,7,1,0,1,80,76,4
4,0,0,3,1,0,6,36,50,2
3,0,0,5,1,1,2,69,73,3
5,0,0,6,1,1,2,81,77,4
3,0,0,0,0,0,9,0,0,0
2,0,0,3,1,0,5,34,40,5
5,0,0,4,0,0,4,41,36,2
2,0,0,4,0,0,4,38,32,2
4,0,0,6,1,0,3,70,82,4
2,0,0,6,0,1,2,72,70,4
4,0,0,6,1,0,1,80,72,4
3,0,0,0,0,0,9,0,0,0
5,0,0,1,0,0,5,14,15,1
5,0,0,0,0,0,9,0,0,0
3,0,0,2,1,0,5,14,10,1
5,0,0,8,1,1,3,84,88,4
2,0,0,2,1,0,5,24,40,5
5,0,0,4,0,0,6,43,39,2
4,0,0,4,0,1,3,49,31,2
3,0,0,6,0,0,2,68,69,3
3,0,0,2,1,0,6,33,28,5
6,0,0,2,1,0,6,24,20,5
4,0,0,8,1,0,2,84,75,4
2,0,0,3,0,0,6,33,44,2
5,0,0,6,0,0,3,66,77,4
2,0,0,3,0,0,3,41,44,2
3,0,0,1,0,0,7,14,12,1
5,0,0,0,0,0,9,0,0,0
5,0,0,10,1,1,0,98,94,6
4,0,0,2,0,0,7,19,17,1
5,0,0,6,0,0,3,65,70,3
4,0,0,3,1,0,6,21,39,5
2,0,0,0,0,0,9,0,0,0
4,0,0,1,0,0,7,23,13,1
3,0,0,4,1,1,5,37,50,2
6,0,0,0,0,0,9,0,0,0
4,0,0,6,0,1,2,65,73,4
4,0,0,5,1,0,4,59,72,3
2,0,0,10,1,1,1,80,90,6
5,0,0,0,0,0,9,0,0,0
6,0,0,8,1,1,2,67,73,4
6,0,0,0,0,0,9,0,0,0
2,0,0,7,1,0,2,83,74,4
2,0,0,3,1,0,6,26,30,5
4,0,0,2,0,0,7,17,20,1
3,0,0,6,0,0,3,51,52,3
2,0,0,6,1,0,2,75,87,4
1,1,0,4,0,0,4,44,48,2
5,0,0,8,1,0,3,67,84,4
5,0,0,6,1,0,3,69,86,4
3,0,0,0,0,0,9,0,0,0
4,0,0,2,0,0,7,12,30,1
3,0,0,4,1,0,4,34,34,2
3,0,0,3,0,1,4,39,41,2
3,0,0,8,0,1,2,79,89,4
3,0,0,0,0,0,9,0,0,0
5,0,0,6,1,0,3,59,68,3
2,0,0,6,1,1,3,70,75,4
5,0,0,4,0,1,6,40,43,2
7,1,1,7,1,0,1,83,71,4
4,0,0,8,0,0,3,78,72,4
3,0,0,3,0,0,4,49,46,2
4,0,0,5,1,0,3,60,66,3
1,1,0,3,0,1,4,46,30,2
1,1,0,6,0,0,2,56,54,3
2,0,0,8,0,0,3,70,70,4
2,0,1,6,0,0,3,69,80,4
2,0,0,2,1,0,8,13,18,1
7,1,0,3,0,0,5,35,40,2
5,0,0,1,0,0,5,24,12,1
7,1,1,2,0,0,7,10,28,1
3,0,0,6,0,1,2,72,83,4
6,0,0,3,1,0,5,28,23,5
6,0,0,0,0,0,9,0,0,0
5,0,0,5,1,0,2,58,66,3
3,0,0,3,1,0,5,25,31,5
5,0,0,4,0,0,4,50,49,2
3,0,0,6,1,1,2,73,87,4
3,0,0,4,0,0,6,50,40,2
3,0,0,4,1,0,6,31,49,2
5,0,0,0,0,0,9,0,0,0
2,0,0,5,1,0,2,67,61,3
7,1,0,3,0,1,5,48,31,2
3,0,0,3,1,0,5,35,37,5
5,0,0,0,0,0,9,0,0,0
1,1,0,5,1,1,2,67,58,3
3,0,0,0,0,0,9,0,0,0
1,1,0,0,0,0,9,0,0,0
5,0,0,4,0,0,4,33,33,2
4,0,0,2,0,0,6,12,23,1
2,0,0,8,1,0,2,76,90,4
2,0,0,8,1,1,1,67,87,4
2,0,0,4,1,1,4,36,38,2
4,0,0,3,1,0,5,21,28,5
3,0,0,7,1,1,1,79,84,4
4,0,0,6,0,1,2,69,68,3
3,0,0,6,1,1,3,52,51,3
2,0,0,6,0,1,1,82,80,4
3,0,0,7,1,1,2,71,70,4
5,0,1,0,0,0,9,0,0,0
5,0,0,1,0,0,5,16,21,1
5,0,0,8,1,0,1,68,84,4
4,0,0,3,1,0,5,34,46,2
4,0,0,1,1,0,7,19,29,1
5,0,0,3,1,1,6,34,50,2
3,0,0,6,1,0,3,52,57,3
2,0,0,2,1,0,8,15,16,1
3,0,0,7,1,0,2,77,83,4
3,0,0,2,1,0,5,29,24,5
5,0,0,5,0,0,4,60,62,3
4,0,0,4,0,1,3,31,47,2
2,0,0,3,0,1,5,46,36,2
3,0,0,4,0,0,3,39,36,2
2,0,0,6,0,0,3,68,74,4
2,0,0,2,1,0,5,15,11,1
2,0,0,5,0,0,2,58,61,3
7,1,0,7,1,1,3,71,86,4
4,0,0,3,1,0,6,37,48,2
3,0,0,4,0,1,3,41,37,2
3,0,0,3,0,0,4,33,42,2
4,0,0,1,0,0,7,21,11,1
4,0,0,5,1,1,4,60,69,3
6,0,0,4,1,1,5,37,43,2
2,0,0,0,0,0,9,0,0,0
4,0,0,3,0,0,4,34,39,2
2,0,0,3,0,0,6,50,41,2
5,0,0,2,0,0,6,20,20,1
2,0,0,4,0,1,3,33,43,2
4,0,0,6,1,0,3,67,56,3
2,0,0,3,0,0,4,37,46,2
5,0,0,3,1,0,6,28,29,5
3,0,0,7,1,1,1,71,76,4
4,0,0,8,1,1,3,68,78,4
4,0,0,6,1,0,3,67,57,3
5,0,0,3,1,0,4,45,42,2
6,0,0,3,0,1,4,46,41,2
4,0,0,2,0,0,8,11,29,1
2,0,0,4,0,0,3,30,32,2
2,0,0,5,0,1,2,53,75,3
7,1,0,8,0,1,1,72,80,4
7,1,1,2,0,0,5,17,13,1
5,0,0,4,1,0,5,47,50,2
3,0,0,4,0,1,3,36,46,2
4,0,0,4,1,0,3,33,35,2
4,0,0,5,1,0,2,65,70,3
5,0,0,3,0,1,5,42,37,2
3,0,0,4,0,0,5,43,30,2
3,0,0,1,0,0,6,12,19,1
6,0,1,3,0,0,4,42,32,2
4,0,0,3,1,0,6,28,37,5
5,0,0,6,0,1,2,72,82,4
4,0,0,3,1,0,4,29,29,5
1,1,0,6,0,1,3,68,50,3
4,0,0,5,0,0,3,54,56,3
7,1,0,6,1,1,1,78,79,4
2,0,0,6,1,1,2,65,89,4
3,0,0,6,1,1,3,56,66,3
4,0,0,5,1,0,4,53,71,3
5,0,0,5,0,1,4,51,63,3
3,0,1,8,1,0,2,72,85,4
2,0,0,5,0,1,4,58,66,3
3,0,0,6,0,0,3,69,51,3
2,0,0,6,0,1,2,52,75,3
3,0,0,8,1,0,3,66,84,4
4,0,0,5,0,0,3,52,58,3
6,0,0,5,1,1,4,52,51,3
6,0,0,6,0,0,4,61,52,3
4,0,0,2,1,0,5,33,26,5
6,0,0,3,1,0,4,21,22,5
3,0,0,3,0,1,4,37,31,2
1,1,0,4,1,0,5,36,44,2
2,0,0,0,0,0,9,0,0,0
2,0,0,3,1,0,3,39,32,2
2,0,0,3,0,0,4,33,37,2
2,0,0,7,1,0,2,68,86,4
3,0,0,8,1,1,1,79,71,4
4,0,0,4,0,1,6,34,32,2
2,0,0,8,0,1,2,72,80,4
4,0,0,2,1,0,6,31,35,5
2,0,0,0,0,0,9,0,0,0
3,0,0,0,0,0,9,0,0,0
4,0,0,4,0,0,5,44,31,2
5,0,0,4,0,0,6,49,38,2
2,0,0,3,0,1,3,33,38,2
5,0,0,3,0,0,4,33,46,2
4,0,0,6,1,0,3,55,55,3
7,1,0,5,1,0,3,58,53,3
3,0,0,5,0,0,3,64,52,3
2,0,0,3,0,0,6,38,41,2
6,0,0,2,0,0,8,21,26,1
2,0,0,8,1,1,1,84,98,6
5,0,0,1,1,0,7,11,15,1
7,1,0,2,1,0,6,16,29,1
6,0,0,4,0,0,4,31,47,2
4,0,0,7,0,1,3,68,81,4
4,0,0,5,0,1,2,69,54,3
2,0,0,4,0,0,5,46,39,2
4,0,0,4,1,0,4,35,30,2
5,0,0,2,1,0,6,28,35,5
4,0,0,1,0,0,7,25,16,1
6,0,0,5,1,1,4,59,60,3
2,0,0,8,0,0,1,74,90,4
5,0,0,2,1,0,4,26,26,5
4,0,0,6,0,0,1,73,73,4
6,0,0,8,1,1,1,69,82,4
2,0,0,3,0,1,3,37,36,2
4,0,0,0,0,0,9,0,0,0
4,0,0,5,0,1,3,52,53,3
3,0,0,4,0,0,5,30,35,2
5,0,0,0,0,0,9,0,0,0
4,0,0,6,0,1,2,67,63,3
5,0,0,2,1,0,6,31,31,5
1,1,0,4,0,0,6,45,43,2
2,0,0,0,0,0,9,0,0,0
3,0,0,0,0,0,9,0,0,0
3,0,0,3,0,0,4,41,34,2
4,0,0,3,0,0,5,41,44,2
3,0,0,2,0,0,8,22,30,1
6,0,0,7,1,0,1,76,73,4
7,1,0,3,1,0,5,24,30,5
2,0,0,9,1,1,2,80,100,6
5,0,0,3,0,0,5,42,35,2
5,0,0,6,0,1,1,82,78,4
5,0,0,4,1,0,6,36,30,2
2,0,0,6,0,0,3,68,75,3
3,0,0,0,0,0,9,0,0,0
2,0,0,5,1,1,4,65,72,3
2,0,0,1,1,0,5,22,21,1
3,0,0,6,0,0,3,70,58,3
6,0,0,1,0,0,6,11,20,1
3,0,0,9,1,1,1,83,85,6
4,0,0,8,1,1,1,78,72,4
2,0,0,5,0,1,3,62,60,3
5,0,0,5,0,1,3,66,73,3
5,0,0,6,1,0,4,67,65,3
3,0,0,1,1,0,8,24,29,1
3,0,0,2,1,0,6,35,40,5
3,0,0,3,0,0,3,40,45,2
4,0,0,0,0,0,9,0,0,0
2,0,0,6,1,0,4,50,74,3
1,1,0,3,0,0,4,36,46,2
4,0,0,7,1,1,1,73,76,4
4,0,0,3,0,1,3,35,39,2
2,0,0,3,0,1,6,45,35,2
5,0,0,5,1,1,2,56,63,3
4,0,0,0,0,0,9,0,0,0
3,0,0,6,0,1,2,80,79,4
3,0,0,5,0,0,2,65,71,3
4,0,0,4,1,1,5,32,42,2
6,0,0,5,0,1,4,61,50,3
2,0,0,6,1,1,4,66,69,3
4,0,0,6,1,1,2,50,53,3
5,0,0,3,0,0,3,39,39,2
5,0,0,2,0,0,6,23,15,1
2,0,0,3,0,1,6,40,47,2
3,0,0,4,0,0,5,41,35,2
4,0,0,4,0,0,3,31,50,2
3,0,0,1,0,0,6,22,23,1
6,0,0,3,0,0,5,50,32,2
2,0,0,3,0,1,3,46,41,2
3,0,0,6,0,0,1,66,87,4
2,0,0,0,0,0,9,0,0,0
2,0,0,4,1,0,4,43,36,2
7,1,0,9,1,1,1,92,88,6
3,0,0,3,0,0,5,41,48,2
4,0,0,4,0,1,4,38,31,2
4,0,0,10,1,1,2,85,93,6
4,0,0,4,0,0,6,35,43,2
4,0,0,3,1,0,4,28,36,5
4,0,0,3,0,0,5,40,35,2
3,0,1,3,0,1,4,36,47,2
6,0,0,4,1,0,3,35,42,2
4,0,0,5,1,1,2,55,54,3
2,0,0,0,0,0,9,0,0,0
6,0,0,4,0,1,5,48,41,2
5,0,0,2,0,0,6,19,19,1
2,0,0,4,0,0,6,46,49,2
4,0,0,3,0,0,4,48,50,2
3,0,0,6,1,1,3,68,53,3
4,0,0,5,0,1,2,56,59,3
4,0,0,6,0,0,3,59,74,3
2,0,0,3,1,0,3,49,42,2
2,0,0,3,0,0,4,47,50,2
4,0,0,4,0,0,6,34,33,2
4,0,0,6,1,1,2,82,84,4
3,0,0,4,0,1,5,43,42,2
3,0,0,0,0,0,9,0,0,0
4,0,0,10,1,1,2,83,93,6
3,0,0,4,0,0,4,41,42,2
2,0,0,4,1,0,3,48,33,2
4,0,1,2,1,0,4,31,23,5
5,0,0,1,0,0,8,10,15,1
5,0,0,0,0,0,9,0,0,0
7,1,0,2,0,0,5,17,25,1
3,0,0,6,1,1,3,76,78,4
3,0,0,2,1,0,6,33,32,5
2,0,1,2,0,0,6,12,30,1
4,0,0,5,0,0,3,57,65,3
2,0,0,8,1,1,3,80,90,4
4,0,0,7,0,0,1,67,85,4
3,0,0,2,0,0,8,25,27,1
3,0,0,6,1,0,4,66,59,3
5,0,0,8,1,1,2,82,84,4
5,0,0,3,1,0,3,39,46,2
2,0,0,5,1,1,3,53,55,3
3,0,0,0,0,0,9,0,0,0
7,1,0,2,1,0,6,26,32,5
4,0,0,8,0,1,3,70,83,4
4,0,0,4,0,0,3,30,38,2
6,0,0,6,1,1,4,58,67,3
2,0,0,3,1,0,3,41,40,2
2,0,0,7,1,0,3,70,80,4
5,0,0,4,1,0,5,49,42,2
5,0,0,4,0,1,6,42,44,2
6,0,0,2,1,0,5,24,26,1
2,0,0,5,1,0,2,53,74,3
4,0,0,5,1,1,2,58,59,3
2,0,0,4,0,0,5,34,35,2
2,0,0,2,0,0,7,17,19,1
4,0,0,0,0,0,9,0,0,0
4,0,0,2,0,0,8,19,24,1
4,0,0,5,1,1,4,51,72,3
1,1,0,8,1,1,1,95,85,6
4,0,0,0,0,0,9,0,0,0
3,0,0,7,1,1,3,80,81,4
5,0,0,3,0,1,6,42,33,2
3,0,0,5,1,1,2,64,70,3
7,1,0,0,0,0,9,0,0,0
2,0,0,1,0,0,8,25,22,1
3,0,0,3,1,1,3,34,45,2
5,0,0,3,1,0,4,50,49,2
4,0,0,5,1,1,3,57,52,3
3,0,0,2,1,0,4,23,22,5
4,0,0,3,1,0,6,34,23,5
3,0,0,2,1,0,6,22,27,5
2,0,1,5,0,1,3,69,71,3
5,0,0,6,1,0,1,74,87,4
2,0,0,6,1,1,3,70,74,3
2,0,0,4,0,0,3,38,44,2
5,0,0,3,1,0,5,33,45,2
5,0,0,2,0,0,6,11,21,1
7,1,0,6,0,0,2,80,71,4
5,0,0,2,0,0,8,19,28,1
5,0,0,1,0,0,6,21,22,1
3,0,0,5,1,0,4,65,73,3
5,0,0,3,0,0,3,39,49,2
4,0,0,2,1,0,4,23,21,5
6,0,0,6,1,1,3,81,86,4
2,0,0,8,1,1,1,68,81,4
6,0,0,8,0,1,3,71,82,4
5,0,0,1,0,0,6,19,27,1
4,0,0,2,1,0,6,35,33,5
2,0,0,5,1,1,4,67,52,3
5,0,0,5,0,0,2,70,70,3
2,0,0,1,0,0,6,21,27,1
5,0,0,3,0,0,6,34,50,2
2,0,0,6,0,1,3,68,82,4
7,1,0,4,0,0,4,43,33,2
3,0,0,8,1,0,3,72,73,4
5,0,1,4,0,0,3,39,36,2
2,0,0,3,0,0,3,46,43,2
7,1,0,6,1,0,2,70,84,4
6,0,0,4,0,0,3,36,47,2
4,0,0,5,0,1,3,54,50,3
4,0,0,0,0,0,9,0,0,0
4,0,0,1,0,0,6,11,15,1
2,0,0,6,0,0,3,66,66,3
5,0,0,3,0,1,5,40,36,2
1,1,0,3,0,0,3,39,36,2
1,1,0,4,0,1,4,40,50,2
4,0,0,2,1,0,5,19,17,1
6,0,0,2,1,0,5,25,18,1
3,0,0,3,0,0,3,38,42,2
6,0,0,3,0,0,3,38,49,2
5,0,0,2,0,0,5,14,12,1
6,0,0,3,0,1,4,30,38,2
2,0,0,6,1,1,3,76,71,4
3,0,0,5,0,1,3,58,73,3
4,0,0,3,0,1,6,50,47,2
5,0,0,7,0,1,2,72,83,4
4,0,0,3,1,0,6,37,30,2
6,0,0,2,1,0,6,29,33,5
5,0,0,0,0,0,9,0,0,0
3,0,0,3,0,0,3,36,45,2
6,0,0,2,1,0,6,27,37,5
4,0,0,6,0,1,1,65,83,4
3,0,0,3,1,0,6,33,38,2
4,0,0,6,1,1,1,66,79,4
5,0,0,3,1,0,3,45,34,2
4,0,0,0,0,0,9,0,0,0
4,0,0,3,0,0,6,47,40,2
6,0,0,2,1,0,6,38,29,5
2,0,1,6,0,1,1,72,83,4
2,0,0,2,1,0,4,23,23,5
1,1,0,4,0,0,4,45,47,2
7,1,0,2,1,0,5,14,23,1
4,0,0,1,0,0,8,20,18,1
3,0,0,0,0,0,9,0,0,0
5,0,0,3,0,1,6,38,47,2
2,0,0,3,1,1,3,37,41,2
6,0,0,4,0,0,4,40,37,2
7,1,0,4,1,1,6,35,30,2
7,1,0,3,0,0,6,39,41,2
2,0,0,0,0,0,9,0,0,0
1,1,0,6,0,0,2,68,75,3
6,0,1,3,0,0,6,46,33,2
3,0,0,3,0,1,4,44,32,2
1,1,0,4,0,0,5,33,48,2
4,0,0,5,1,0,3,64,54,3
6,0,0,4,0,1,3,36,33,2
1,1,0,2,0,0,6,13,29,1
7,1,0,0,0,0,9,0,0,0
2,0,0,3,1,1,3,41,47,2
5,0,0,8,1,0,2,85,89,4
3,0,0,6,1,1,1,80,78,4
2,0,0,3,0,0,3,41,38,2
2,0,0,4,1,1,6,35,35,2
6,0,0,3,0,1,3,45,36,2
1,1,0,6,0,0,2,76,86,4
2,0,0,3,0,1,6,34,31,2
4,0,0,1,0,0,8,24,21,1
3,0,1,0,0,0,9,0,0,0
2,0,0,4,1,0,4,38,34,2
5,0,0,0,0,0,9,0,0,0
6,0,0,2,1,0,5,28,25,5
5,0,0,2,1,0,8,14,29,1
4,0,0,3,0,0,5,45,34,2
6,0,0,8,0,0,3,74,77,4
3,0,0,6,0,1,3,83,81,4
4,0,0,2,1,0,7,24,12,1
5,0,0,6,0,1,4,58,60,3
2,0,0,2,1,0,6,29,27,5
6,0,0,0,0,0,9,0,0,0
5,0,0,4,1,0,6,31,34,2
6,0,0,5,1,0,3,53,56,3
7,1,0,0,0,0,9,0,0,0
3,0,0,5,0,1,2,56,55,3
2,0,0,3,0,1,3,36,48,2
6,0,0,3,1,0,4,37,36,5
4,0,0,6,0,0,4,63,67,3
2,0,0,2,0,0,7,25,21,1
2,0,0,8,0,1,1,77,84,4
5,0,1,8,1,0,1,65,78,4
3,0,0,8,0,1,3,77,90,4
6,0,0,0,0,0,9,0,0,0
2,0,0,7,1,1,1,99,88,6
5,0,0,6,1,1,2,80,72,4
5,0,0,3,0,0,4,35,46,2
2,0,0,0,0,0,9,0,0,0
5,0,0,3,0,0,6,36,40,2
4,0,0,3,0,0,5,46,46,2
3,0,0,3,1,0,6,50,35,2
2,0,0,2,0,0,8,22,22,1
3,0,0,0,0,0,9,0,0,0
5,0,0,2,0,0,7,20,22,1
3,0,0,4,0,0,6,36,43,2
4,0,0,3,1,0,4,22,22,5
6,0,0,2,1,0,4,35,23,5
4,0,0,4,0,0,3,35,50,2
6,0,0,8,1,1,1,70,84,4
2,0,0,3,0,0,4,46,47,2
3,0,0,0,0,0,9,0,0,0
2,0,0,10,1,1,0,87,89,6
2,0,1,2,1,0,8,17,16,1
3,0,0,4,0,1,4,32,40,2
6,0,0,3,1,0,6,28,24,5
3,0,0,2,1,0,4,28,22,5
1,1,0,5,0,0,2,64,73,3
6,0,0,3,0,0,5,33,43,2
4,0,0,4,1,0,5,35,30,2
2,0,0,0,0,0,9,0,0,0
3,0,0,7,1,1,3,79,74,4
6,0,0,8,1,1,1,71,89,4
4,0,0,10,1,1,2,90,89,6
2,0,0,7,1,0,3,66,79,4
2,0,0,6,0,1,2,51,66,3
5,0,0,4,0,1,6,35,37,2
5,0,0,1,0,0,7,25,16,1
4,0,0,4,0,1,5,44,33,2
6,0,0,10,1,1,0,82,86,6
3,0,0,3,0,1,3,31,30,2
2,0,0,2,1,0,4,24,22,5
2,0,0,3,0,1,3,37,46,2
2,0,0,3,0,0,5,40,44,2
2,0,0,5,1,0,2,53,65,3
4,0,0,2,1,0,5,34,24,5
5,0,0,6,0,0,2,67,68,3
4,0,0,9,1,1,0,94,86,6
3,0,0,5,1,1,3,64,51,3
5,0,0,2,1,0,6,40,33,5
3,0,0,6,1,0,3,54,57,3
3,0,0,0,0,0,9,0,0,0
5,0,0,6,1,0,3,68,73,3
2,0,0,4,1,0,5,33,31,2
4,0,0,2,1,0,6,21,40,5
7,1,0,4,0,0,4,45,48,2
5,0,0,7,0,0,1,82,76,4
3,0,0,7,0,0,1,68,84,4
4,0,0,7,0,0,2,85,73,4
1,1,0,0,0,0,9,0,0,0
1,1,0,3,1,0,4,24,40,5
6,0,0,2,0,0,7,10,27,1
4,0,0,0,0,0,9,0,0,0
3,0,0,5,0,1,3,64,63,3
6,0,0,5,0,1,4,61,58,3
5,0,0,6,0,1,4,65,53,3
6,0,0,1,0,0,5,20,19,1
5,0,0,3,1,0,4,36,33,2
2,0,0,5,1,1,3,64,63,3
5,0,0,8,1,1,3,78,79,4
5,0,0,7,0,0,3,73,87,4
2,0,0,1,0,0,7,21,11,1
5,0,0,3,0,1,4,45,37,2
2,0,0,3,1,0,6,37,35,5
7,1,0,6,0,1,3,68,54,3
1,1,0,8,1,0,3,66,74,4
4,0,0,2,1,0,5,28,35,5
3,0,0,2,0,0,8,24,28,1
5,0,0,5,0,1,3,55,59,3
3,0,0,8,1,1,2,72,81,4
3,0,0,3,1,0,4,50,37,2
4,0,0,3,1,0,4,22,37,5
6,0,0,2,0,0,5,24,21,1
5,0,0,3,1,0,4,28,34,5
1,1,1,6,0,1,1,83,83,4
4,0,0,1,0,0,7,16,17,1
2,0,0,6,1,0,4,67,73,3
6,0,0,6,0,1,2,60,57,3
2,0,0,6,0,1,3,69,71,4
4,0,0,7,1,0,1,71,71,4
2,0,0,6,0,0,2,71,77,4
4,0,0,3,0,0,3,34,30,2
3,0,0,8,1,1,1,84,94,6
6,0,0,6,0,1,3,75,83,4
2,0,0,1,0,0,6,23,30,1
3,0,0,8,0,1,3,84,76,4
7,1,0,5,0,1,3,58,61,3
4,0,0,0,0,0,9,0,0,0
2,0,0,6,0,1,2,59,50,3
2,0,0,8,0,1,3,69,80,4
2,0,0,6,0,0,2,70,58,3
2,0,0,2,1,0,5,29,30,5
6,0,0,4,1,1,5,30,50,2
1,1,0,7,1,1,1,84,89,4
5,0,0,0,0,0,9,0,0,0
2,0,0,3,0,1,5,45,50,2
5,0,0,2,0,0,6,17,10,1
7,1,0,8,0,0,1,82,74,4
6,0,0,6,0,0,2,65,85,4
6,0,0,0,0,0,9,0,0,0
6,0,0,2,0,0,8,11,16,1
2,0,0,4,1,1,3,30,40,2
4,0,0,2,1,0,6,23,30,1
3,0,0,0,0,0,9,0,0,0
2,0,0,0,0,0,9,0,0,0
5,0,0,3,0,0,6,45,42,2
4,0,0,2,1,0,4,24,29,5
2,0,0,6,1,1,2,53,57,3
5,0,0,6,1,0,3,57,56,3
2,0,0,5,1,1,3,66,70,3
3,0,0,6,0,1,4,53,63,3
3,0,0,3,1,0,4,29,26,5
4,0,0,3,0,0,3,41,50,2
6,0,0,5,1,1,4,55,58,3
2,0,0,8,0,1,3,84,90,4
4,0,0,3,0,1,3,42,46,2
5,0,0,5,0,1,4,56,60,3
4,0,0,3,1,0,5,33,30,5
6,0,0,4,0,1,5,31,49,2
7,1,1,0,0,0,9,0,0,0
4,0,0,6,1,1,2,68,85,4
3,0,0,3,1,0,5,47,43,2
7,1,0,6,0,1,4,54,50,3
3,0,0,5,1,1,3,60,72,3
2,0,0,3,1,0,6,33,29,5
4,0,0,6,1,0,2,68,51,3
5,0,0,7,0,0,3,66,77,4
1,1,0,4,1,1,6,36,40,2
4,0,1,2,1,0,5,32,26,5
3,0,0,6,0,0,2,58,52,3
3,0,0,8,0,1,1,72,77,4
4,0,0,3,0,0,6,50,34,2
4,0,0,4,0,1,3,43,45,2
4,0,0,6,0,0,3,70,55,3
5,0,0,1,1,0,8,16,21,1
3,0,0,3,0,0,5,32,50,2
4,0,0,6,1,1,3,60,69,3
2,0,1,5,0,0,4,70,60,3
2,0,0,3,0,0,6,43,35,2
2,0,0,6,1,1,4,68,69,3
5,0,0,6,1,1,1,85,73,4
4,0,0,3,0,0,5,35,39,2
3,0,0,6,1,1,2,59,68,3
5,0,0,6,1,1,3,59,62,3
2,0,0,6,0,0,2,51,60,3
6,0,0,6,1,1,1,66,73,4
5,0,0,6,0,0,3,52,60,3
3,0,0,7,1,1,2,85,89,4
5,0,0,6,1,1,3,60,55,3
4,0,0,6,0,1,2,58,53,3
3,0,0,5,1,1,4,70,67,3
4,0,0,2,1,0,4,25,30,5
3,0,0,9,1,1,1,92,98,6
5,0,0,5,0,1,4,70,69,3
4,0,0,3,0,0,6,46,43,2
5,0,0,3,1,1,4,40,34,2
5,0,0,6,0,1,4,59,63,3
5,0,0,6,1,1,3,81,76,4
2,0,0,6,1,1,2,51,66,3
6,0,1,3,0,0,5,30,39,2
4,0,0,4,0,1,5,47,43,2
2,0,0,2,0,0,8,14,21,1
4,0,0,5,1,0,3,61,68,3
3,0,0,3,1,0,4,28,30,5
3,0,0,7,0,0,2,65,78,4
3,0,1,7,0,0,2,76,82,4
4,0,0,0,0,0,9,0,0,0
6,0,0,4,1,1,6,44,44,2
5,0,0,1,0,0,8,16,23,1
2,0,0,4,1,0,6,38,42,2
4,0,0,5,1,0,4,55,72,3
5,0,0,6,0,0,3,71,72,4
2,0,0,4,1,0,4,34,35,2
2,0,0,0,0,0,9,0,0,0
5,0,0,1,1,0,6,17,22,1
6,0,0,3,0,0,4,44,36,2
4,0,0,2,0,0,8,13,14,1
3,0,0,3,1,0,6,21,32,5
6,0,0,3,1,1,4,44,35,2
4,0,0,5,1,0,2,54,55,3
5,0,0,3,0,1,6,44,48,2
3,0,0,6,1,0,3,56,59,3
2,0,0,6,1,0,2,71,79,4
3,0,0,8,1,0,1,65,83,4
5,0,0,4,0,0,6,45,30,2
2,0,0,7,1,0,1,65,86,4
2,0,0,2,0,0,7,13,21,1
2,0,0,3,0,1,6,41,48,2
4,0,0,8,0,1,1,67,71,4
4,0,0,0,0,0,9,0,0,0
3,0,0,6,1,0,2,78,86,4
6,0,0,6,0,1,3,85,70,4
3,0,0,3,1,0,6,30,20,5
4,0,0,8,1,1,2,73,90,4
6,0,0,2,1,0,6,25,28,1
6,0,0,3,1,0,6,29,39,5
2,0,0,2,0,0,5,13,30,1
3,0,0,6,0,1,2,66,63,3
7,1,0,2,0,0,7,20,13,1
4,0,0,6,1,0,3,63,70,3
1,1,0,3,0,1,5,32,47,2
4,0,0,6,0,0,2,62,69,3
5,0,0,7,1,1,2,74,86,4
6,0,0,4,0,0,3,49,40,2
2,0,0,5,0,0,3,63,74,3
3,0,0,0,0,0,9,0,0,0
4,0,0,8,1,1,1,69,87,4
3,0,0,4,0,0,4,48,47,2
3,0,0,1,1,0,7,12,26,1
6,0,0,2,0,0,7,24,18,1
7,1,0,7,1,1,1,74,80,4
4,0,0,3,1,0,5,35,33,2
4,0,0,2,1,0,5,39,25,5
3,0,0,3,1,0,4,33,35,2
6,0,0,3,1,0,6,42,48,2
4,0,0,4,0,1,4,38,32,2
2,0,0,1,0,0,6,15,27,1
6,0,0,3,1,0,4,31,27,5
6,0,0,3,0,1,5,45,44,2
5,0,0,6,1,1,3,55,69,3
3,0,0,1,1,0,7,24,24,1
4,0,0,4,0,1,3,37,48,2
1,1,0,2,1,0,5,34,33,5
2,0,0,3,0,0,4,50,36,2
6,0,0,6,0,1,2,71,84,4
2,0,0,0,0,0,9,0,0,0
4,0,0,0,0,0,9,0,0,0
3,0,0,6,0,0,3,60,51,3
2,0,0,3,0,0,5,32,48,2
3,0,0,6,0,1,3,69,69,3
3,0,0,4,0,0,6,39,30,2
5,0,0,4,0,0,6,47,33,2
4,0,0,5,1,1,2,67,60,3
7,1,0,6,1,0,3,83,73,4
3,0,0,3,1,0,5,33,39,5
7,1,0,0,0,0,9,0,0,0
4,0,0,3,0,1,4,37,46,2
4,0,0,5,0,1,3,56,52,3
2,0,0,5,1,0,4,62,55,3
6,0,0,8,1,1,2,73,83,4
2,0,0,6,0,0,3,50,73,3
4,0,1,6,1,0,2,80,73,4
7,1,0,0,0,0,9,0,0,0
6,0,0,7,1,0,1,73,85,4
5,0,0,3,1,0,5,26,32,5
4,0,0,2,0,0,5,24,14,1
3,0,0,2,1,0,5,40,29,5
5,0,0,5,0,0,2,66,71,3
2,0,0,6,0,1,3,76,90,4
4,0,0,8,0,0,1,68,88,4
3,0,0,3,0,1,5,41,38,2
7,1,0,5,0,1,2,54,66,3
5,0,0,5,1,1,3,68,61,3
3,0,0,7,0,1,2,84,83,4
1,1,0,1,0,0,6,10,24,1
2,0,0,0,0,0,9,0,0,0
3,0,0,8,1,1,2,77,78,4
4,0,0,3,0,0,6,37,46,2
3,0,0,7,1,1,2,68,70,4
5,0,0,3,0,0,4,40,43,2
2,0,0,1,0,0,8,19,24,1
5,0,0,3,1,0,6,49,44,2
5,0,0,3,1,0,4,31,29,5
2,0,0,0,0,0,9,0,0,0
2,0,0,1,0,0,5,24,13,1
2,0,0,3,0,0,5,30,38,2
5,0,0,3,1,0,4,35,30,5
5,0,0,3,0,0,3,40,41,2
2,0,0,3,0,1,5,50,42,2
5,0,0,2,1,0,6,32,32,5
2,0,0,6,0,1,3,55,65,3
2,0,0,3,1,0,5,30,26,5
4,0,0,3,0,0,5,35,38,2
3,0,0,6,1,1,2,57,74,3
3,0,0,0,0,0,9,0,0,0
4,0,0,8,0,1,3,69,74,4
4,0,0,6,1,1,2,58,57,3
3,0,0,2,1,0,8,20,15,1
3,0,0,3,0,1,4,32,35,2
2,0,0,2,0,0,6,12,19,1
2,0,0,8,0,0,3,69,80,4
4,0,0,5,1,0,4,70,74,3
5,0,1,3,0,0,6,48,33,2
6,0,0,4,0,0,4,30,47,2
1,1,0,6,1,0,2,56,52,3
2,0,0,4,0,0,5,38,46,2
