dayOfWeek,isWeekend,isHoliday,totalMeetingCount,hasImportantDeadline,earlyMeetingCount,productivityCategory,workDuration,deepWorkMinutes
2,0,0,2,0,1,2,9,212
5,0,0,3,1,0,1,7,110
4,0,0,2,0,0,0,7,119
5,0,0,1,0,0,1,8,100
4,0,0,6,0,2,1,8,149
6,0,0,5,0,0,1,8,108
2,0,0,2,0,3,1,8,158
5,0,0,4,1,0,1,8,153
2,0,0,0,1,1,0,7,97
5,0,0,8,0,0,1,8,229
4,0,0,4,0,0,1,8,135
3,0,0,4,0,0,1,8,118
2,0,0,4,0,0,1,8,179
2,0,0,4,1,0,1,7,105
3,0,0,8,0,0,1,8,259
2,0,0,2,0,0,1,8,99
6,0,0,3,0,0,1,7,166
3,0,0,2,0,2,0,7,140
6,0,0,6,0,1,1,8,196
1,1,0,0,0,0,0,7,125
4,0,0,0,0,3,1,8,165
5,0,0,3,0,0,2,9,208
4,0,0,4,0,2,1,8,132
4,0,0,2,0,0,1,8,209
2,0,0,3,1,2,1,8,237
3,0,0,7,1,0,1,8,258
4,0,0,6,0,1,1,8,278
3,0,0,5,0,2,1,8,196
4,0,0,2,0,2,0,7,132
4,0,0,5,0,0,1,8,139
3,0,0,1,0,0,1,8,145
6,0,0,4,0,0,1,7,185
5,0,0,2,0,1,1,8,175
4,0,0,1,0,0,2,9,198
2,0,0,1,0,0,0,7,136
2,0,0,1,0,3,1,8,135
1,1,0,0,0,0,1,8,232
2,0,0,4,0,0,2,9,178
3,0,0,5,0,0,1,8,114
6,0,0,6,0,2,1,8,259
4,0,0,2,0,0,2,9,137
3,0,0,1,0,2,1,8,153
4,0,0,1,0,0,2,9,206
2,0,0,2,0,0,0,7,95
6,0,0,8,0,0,1,7,201
6,0,0,3,0,1,1,7,146
2,0,0,2,0,3,1,8,253
5,0,1,0,0,0,1,8,127
2,0,0,1,1,0,2,9,163
4,0,0,2,0,1,2,9,230
6,0,0,2,0,0,2,9,162
5,0,0,2,0,1,1,8,146
6,0,0,4,0,1,1,8,197
5,0,0,0,0,1,1,8,119
2,0,0,2,0,0,2,9,136
5,0,0,5,0,0,2,9,315
3,0,0,0,1,0,1,8,181
6,0,0,1,0,2,2,9,208
4,0,0,3,0,1,1,8,99
1,1,0,0,0,0,2,9,179
4,0,0,4,0,0,2,9,118
6,0,0,7,1,3,1,7,211
2,0,0,5,0,0,1,7,101
6,0,0,7,0,1,1,8,150
2,0,0,4,0,0,1,8,189
5,0,0,3,0,3,1,8,257
4,0,0,5,0,1,1,7,122
3,0,0,2,0,3,1,8,147
2,0,0,2,0,0,0,7,126
6,0,0,1,0,1,1,8,174
4,0,0,4,0,2,1,7,170
2,0,0,3,0,3,1,7,211
2,0,0,3,0,0,1,7,145
4,0,0,4,0,1,1,8,121
6,0,0,1,0,1,2,9,180
6,0,0,4,0,1,2,9,305
6,0,0,3,0,0,1,8,109
5,0,0,1,0,0,2,9,139
6,0,0,2,1,1,1,8,105
3,0,0,2,0,0,2,9,185
2,0,0,4,0,1,1,8,146
6,0,0,2,0,2,1,8,248
6,0,0,3,1,0,1,8,124
6,0,0,2,0,1,0,7,155
2,0,0,4,0,0,1,8,120
2,0,0,4,0,0,1,8,121
3,0,0,6,0,2,2,9,170
5,0,0,2,0,0,0,7,153
6,0,0,2,0,0,1,8,178
4,0,0,1,1,1,1,8,159
3,0,0,3,0,0,1,8,124
5,0,0,2,1,1,1,8,189
2,0,0,1,0,0,1,8,126
3,0,0,6,0,1,2,9,197
2,0,0,1,0,0,1,8,108
3,0,0,5,0,0,2,9,113
3,0,0,4,0,2,1,8,250
4,0,0,4,0,2,1,8,281
5,0,0,1,0,0,2,9,109
4,0,0,5,0,0,1,8,113
6,0,0,1,1,0,0,7,124
3,0,0,3,0,0,1,7,125
2,0,0,3,0,0,1,7,103
4,0,0,5,0,3,1,8,107
4,0,0,1,1,0,1,8,107
2,0,0,5,0,0,1,7,110
6,0,0,1,1,1,1,8,269
7,1,0,0,0,0,0,7,140
4,0,0,6,0,0,1,7,167
4,0,0,4,0,0,1,8,104
3,0,0,2,0,0,1,8,224
2,0,0,4,0,2,1,8,212
6,0,0,1,0,0,1,8,146
3,0,0,2,0,1,2,9,187
4,0,0,4,0,0,1,8,184
5,0,0,5,0,0,1,7,247
2,0,0,2,0,2,2,9,152
7,1,0,0,0,0,2,9,310
3,0,0,4,0,0,1,8,147
3,0,0,4,0,0,1,7,161
4,0,0,4,0,0,1,8,169
5,0,0,4,0,2,2,9,146
1,1,0,0,0,0,1,8,141
7,1,1,0,0,0,2,9,184
6,0,0,4,0,0,2,9,154
6,0,0,8,0,2,2,9,323
5,0,0,3,0,0,1,8,149
2,0,0,0,0,0,0,7,162
6,0,0,6,0,0,1,8,108
4,0,0,1,1,0,2,9,155
6,0,0,3,0,0,1,7,87
3,0,0,2,0,2,2,9,166
5,0,0,3,0,0,1,8,271
2,0,0,3,0,3,1,8,133
2,0,0,1,0,1,1,8,160
6,0,0,2,1,0,2,9,189
4,0,0,4,0,0,2,9,314
3,0,0,4,0,0,1,7,85
5,0,0,3,1,1,1,8,103
2,0,0,1,0,1,2,9,152
2,0,0,4,1,1,1,8,131
3,0,0,4,1,4,1,8,183
6,0,0,3,1,0,2,9,212
3,0,0,7,0,1,1,7,183
6,0,0,1,0,1,0,7,124
3,0,0,2,0,0,0,7,84
4,0,0,3,0,2,1,8,200
2,0,0,3,0,0,1,8,148
5,0,0,3,0,2,1,8,181
6,0,0,3,0,0,1,8,122
5,0,0,8,0,1,1,7,122
2,0,0,7,0,0,1,7,245
6,0,0,4,0,0,1,8,127
5,0,0,4,0,1,1,7,106
3,0,0,4,0,0,1,8,133
1,1,0,0,0,0,0,7,129
3,0,0,0,0,0,0,7,110
5,0,0,5,0,3,2,9,131
4,0,0,4,0,0,1,8,98
5,0,0,4,0,3,1,8,165
4,0,0,4,0,0,1,8,255
6,0,0,3,0,0,2,9,145
5,0,0,0,0,0,1,8,179
4,0,0,3,0,0,2,9,170
7,1,0,0,0,0,2,9,133
5,0,0,5,0,1,2,9,286
4,0,0,2,0,0,2,9,210
3,0,0,6,0,0,1,7,130
6,0,0,1,0,0,1,8,128
5,0,0,2,0,0,0,7,233
5,0,0,4,0,0,1,8,241
3,0,0,1,1,2,0,7,102
2,0,0,3,0,0,1,8,168
5,0,1,0,0,0,2,9,200
2,0,0,7,0,0,1,8,210
2,0,0,4,0,2,2,9,215
3,0,0,2,0,0,0,7,142
4,0,0,4,0,3,2,9,212
4,0,0,5,0,1,2,9,189
3,0,0,4,0,0,1,7,135
6,0,0,2,0,0,1,8,167
3,0,0,2,0,0,1,8,104
2,0,0,4,0,0,1,7,128
3,0,0,5,0,0,1,8,237
3,0,0,2,0,2,0,7,134
2,0,0,2,0,1,1,8,188
5,0,0,5,0,3,1,8,277
5,0,0,1,0,2,1,8,147
4,0,0,0,0,1,0,7,88
2,0,0,4,0,3,2,9,314
6,0,0,8,0,3,1,7,192
2,0,0,1,0,2,2,9,232
2,0,0,1,1,0,2,9,159
2,0,0,3,0,2,1,8,248
3,0,1,0,0,0,1,8,256
7,1,0,0,0,0,1,8,139
5,0,0,1,1,0,1,8,120
2,0,0,0,0,0,1,8,140
3,0,0,2,0,0,1,8,140
5,0,0,3,0,0,1,8,123
4,0,0,1,0,3,1,8,221
2,0,0,6,1,2,1,8,101
3,0,0,3,1,0,1,7,131
5,0,0,4,0,1,1,8,152
7,1,0,0,0,0,1,8,107
1,1,0,0,0,0,0,7,126
3,0,0,2,0,2,0,7,142
2,0,0,3,0,0,1,8,179
6,0,0,2,0,2,1,8,255
2,0,0,3,0,1,1,8,127
1,1,0,0,0,0,1,8,128
2,0,0,2,0,0,2,9,204
6,0,0,5,0,2,2,9,312
6,0,0,5,1,3,1,8,252
6,0,0,7,0,1,2,9,227
2,0,0,3,1,0,1,8,165
4,0,0,2,0,1,0,7,113
4,0,0,8,1,0,2,9,270
5,0,0,3,0,0,1,8,171
3,0,0,4,1,2,1,7,139
3,0,0,3,1,0,1,8,189
6,0,0,6,0,0,1,8,99
3,0,0,5,0,1,2,9,251
4,0,0,4,0,0,1,8,139
5,0,0,4,1,0,1,8,179
2,0,0,3,0,0,2,9,162
4,0,0,3,0,1,1,8,241
4,0,0,8,0,1,2,9,303
5,0,0,5,0,0,2,9,297
4,0,0,3,0,2,1,8,135
2,0,0,3,0,0,1,8,110
4,0,0,4,0,2,1,8,187
5,0,0,6,0,0,1,8,151
4,0,0,6,0,0,1,8,229
3,0,0,0,0,1,1,8,180
3,0,0,0,0,1,2,9,196
5,0,0,3,0,2,2,9,257
2,0,0,3,1,0,2,9,275
2,0,0,4,0,0,1,8,167
6,0,0,2,0,0,0,7,117
4,0,0,5,0,1,1,8,119
6,0,0,7,1,1,1,8,244
2,0,0,6,0,0,1,7,151
2,0,0,1,0,2,1,8,160
2,0,0,3,0,0,1,8,248
4,0,0,1,0,1,1,8,133
5,0,0,3,0,1,1,8,109
3,0,0,3,0,0,1,8,155
6,0,0,3,0,2,1,8,116
1,1,0,0,0,0,1,8,100
3,0,0,2,0,0,2,9,181
3,0,0,6,0,0,1,8,102
6,0,0,2,0,2,1,8,177
2,0,0,1,0,0,1,8,175
5,0,0,4,0,0,1,8,119
3,0,0,5,0,0,1,8,190
5,0,0,4,1,2,1,8,202
5,0,0,4,1,0,1,8,187
2,0,0,4,0,0,1,8,158
2,0,0,4,0,1,1,8,98
6,0,0,3,0,1,1,8,259
2,0,0,2,0,0,1,8,102
2,0,0,4,0,0,1,8,179
5,0,0,4,0,0,1,8,103
6,0,0,5,0,1,1,8,129
5,0,1,0,0,0,0,7,158
6,0,1,0,0,0,1,8,191
3,0,0,4,0,2,1,8,206
2,0,0,5,0,1,1,8,163
2,0,0,4,1,0,1,7,92
6,0,0,2,0,0,1,8,131
3,0,0,6,0,0,1,8,160
3,0,0,3,0,2,1,7,124
2,0,0,2,0,0,1,8,137
7,1,0,0,0,0,1,8,141
5,0,0,5,0,2,1,7,107
4,0,0,4,0,1,1,8,184
7,1,0,0,0,0,0,7,237
5,0,0,5,0,0,1,7,133
5,0,0,2,1,0,1,8,130
4,0,0,3,0,0,1,8,108
2,0,0,3,0,1,1,8,173
4,0,0,1,0,2,1,8,187
6,0,0,5,0,0,1,8,247
5,0,0,7,0,3,1,8,264
4,0,0,3,0,2,1,8,135
4,0,0,4,0,1,1,7,98
3,0,0,1,1,1,1,8,112
6,0,0,3,1,0,1,8,144
6,0,0,5,0,1,1,7,194
6,0,0,5,1,0,2,9,203
2,0,0,2,0,0,1,8,142
6,0,0,5,0,0,1,7,121
2,0,0,8,0,0,1,7,248
4,0,0,8,0,1,1,8,256
3,0,0,2,0,0,2,9,195
3,0,0,4,0,1,1,8,195
6,0,0,3,0,1,1,8,106
3,0,0,4,0,0,1,8,140
3,0,0,7,1,3,1,8,204
3,0,0,1,1,1,1,8,189
6,0,0,7,0,0,1,8,205
3,0,0,1,1,2,1,8,207
2,0,1,0,0,0,1,8,140
6,0,0,8,0,0,1,7,200
2,0,0,5,0,1,1,7,173
2,0,0,2,1,0,1,8,104
4,0,0,5,0,0,1,8,116
6,0,0,4,0,2,1,8,206
5,0,0,5,0,1,1,7,120
2,0,0,4,0,0,1,8,104
4,0,0,2,0,1,2,9,128
3,0,0,5,0,0,2,9,179
6,0,0,4,0,0,1,8,161
2,0,0,3,0,0,1,8,158
6,0,0,6,0,0,1,8,186
4,0,0,2,0,0,1,8,147
2,0,0,4,0,1,1,8,214
3,0,0,4,0,0,1,8,176
5,0,0,6,0,1,1,8,155
6,0,0,2,0,2,1,8,190
2,0,0,2,0,0,1,8,155
3,0,0,5,0,2,2,9,108
6,0,0,7,1,0,1,8,99
6,0,0,6,0,2,1,7,176
5,0,0,5,0,0,1,8,187
5,0,0,2,0,4,1,8,174
3,0,0,7,0,1,1,8,175
2,0,0,1,0,0,2,9,126
4,0,0,6,0,3,1,8,237
2,0,0,2,1,0,1,8,153
3,0,0,4,1,0,1,7,155
3,0,0,4,0,1,1,8,117
6,0,0,3,1,2,1,7,226
2,0,1,0,0,0,1,8,185
5,0,0,0,0,0,1,8,154
2,0,0,3,0,0,1,8,251
6,0,0,4,0,0,1,8,284
2,0,0,5,0,0,1,8,101
6,0,0,4,0,0,2,9,256
6,0,0,4,0,1,1,8,230
6,0,0,1,0,1,1,8,114
3,0,0,7,0,0,1,7,126
6,0,0,4,0,0,1,8,158
7,1,0,0,0,0,2,9,159
5,0,0,5,0,1,1,8,156
5,0,0,8,0,1,1,7,192
4,0,0,3,0,1,2,9,226
3,0,0,3,0,1,1,8,250
6,0,0,1,0,0,1,8,158
5,0,0,2,0,1,1,8,260
4,0,0,4,0,0,1,8,126
3,0,0,4,0,0,1,8,202
5,0,0,3,0,0,2,9,210
3,0,0,2,0,0,0,7,107
6,0,0,3,0,0,1,7,155
6,0,0,3,0,0,1,8,139
6,0,0,3,1,0,1,8,143
3,0,0,7,1,0,1,8,283
3,0,0,5,0,0,2,9,177
3,0,0,5,0,0,1,8,106
4,0,0,8,1,1,2,9,308
5,0,0,1,0,3,0,7,108
6,0,0,7,0,1,1,7,200
2,0,0,7,0,0,1,8,104
3,0,0,3,0,0,1,8,173
4,0,0,2,0,1,1,8,170
2,0,0,5,0,0,1,8,179
4,0,0,2,0,0,1,8,168
3,0,0,4,1,2,1,8,104
3,0,0,8,1,0,1,8,280
4,0,0,5,1,3,1,8,226
2,0,0,8,0,0,2,9,134
4,0,0,4,0,0,1,8,191
5,0,0,6,0,0,1,8,96
3,0,0,0,0,1,1,8,111
3,0,0,3,0,0,2,9,177
6,0,0,1,0,0,0,7,124
4,0,0,6,1,0,1,8,152
2,0,0,1,0,1,2,9,115
5,0,0,1,0,2,1,8,129
2,0,0,1,0,1,1,8,172
2,0,0,4,1,0,1,7,128
2,0,0,1,0,2,0,7,94
6,0,0,4,0,2,1,8,242
3,0,0,2,0,0,2,9,195
2,0,0,3,0,0,1,7,157
5,0,0,1,1,2,0,7,124
3,0,0,2,0,1,1,8,107
5,0,0,1,0,1,1,8,96
5,0,0,8,0,2,1,7,172
4,0,0,0,0,0,0,7,208
4,0,0,2,1,4,1,8,125
5,0,0,3,0,1,1,8,160
3,0,0,3,0,0,2,9,320
6,0,0,6,0,0,1,8,269
5,0,0,1,0,0,1,8,178
3,0,0,5,0,1,1,8,277
5,0,0,3,0,1,1,8,207
4,0,0,6,0,1,2,9,133
2,0,0,3,0,0,2,9,153
6,0,0,7,0,1,1,7,219
3,0,0,6,0,1,1,8,128
2,0,0,4,0,1,1,7,116
5,0,0,3,1,0,1,7,101
3,0,0,2,0,0,1,8,144
6,0,0,5,0,1,1,8,184
3,0,0,3,0,3,1,8,225
4,0,0,3,0,0,1,8,140
5,0,0,4,0,0,1,8,160
3,0,0,3,0,0,1,8,258
5,0,0,3,0,0,1,8,184
2,0,0,4,0,0,1,7,96
2,0,0,3,1,0,1,8,150
5,0,0,3,0,3,1,8,134
7,1,0,0,0,0,2,9,114
6,0,1,0,0,0,1,8,113
2,0,0,0,1,0,1,8,98
6,0,0,4,1,0,1,8,243
6,0,0,3,1,0,1,7,207
3,0,0,4,1,0,1,8,106
2,0,0,2,0,3,0,7,166
2,0,0,3,0,0,1,7,85
3,0,0,2,0,0,1,8,130
4,0,0,2,0,1,1,8,116
3,0,0,4,1,3,2,9,140
2,0,0,2,0,1,2,9,119
2,0,0,3,0,0,1,7,167
2,0,0,5,0,0,2,9,282
4,0,0,3,0,5,1,7,231
3,0,0,6,0,1,1,8,189
3,0,0,4,0,2,1,8,278
4,0,0,5,0,1,1,8,101
5,0,0,5,0,1,1,8,267
6,0,0,7,0,1,1,8,272
3,0,0,8,0,2,1,7,171
3,0,0,3,0,0,1,7,133
3,0,0,4,1,1,1,7,151
2,0,0,3,0,2,2,9,227
5,0,0,8,0,1,1,8,261
5,0,0,1,1,1,1,8,202
2,0,0,4,0,0,1,8,102
3,0,0,3,1,1,1,8,180
5,0,0,3,0,1,2,9,224
5,0,0,4,0,0,2,9,133
3,0,0,4,0,1,1,8,156
2,0,0,2,0,0,1,8,141
4,0,0,8,0,4,2,9,287
2,0,0,3,0,1,1,8,134
6,0,0,0,0,0,0,7,127
3,0,0,1,0,2,1,8,166
3,0,0,2,0,0,0,7,86
3,0,0,8,0,2,1,8,214
4,0,0,5,0,1,1,7,185
5,0,0,3,0,2,2,9,145
3,0,0,2,0,0,1,8,163
6,0,0,6,0,1,1,8,241
3,0,0,3,0,0,1,7,101
6,0,0,4,0,0,2,9,143
3,0,0,7,0,0,1,8,178
4,0,0,2,0,0,2,9,136
5,0,0,5,0,2,1,8,122
6,0,0,8,0,0,1,8,192
6,0,0,7,1,1,1,7,220
2,0,0,5,0,2,1,8,233
5,0,0,4,0,1,2,9,158
2,0,0,5,0,0,2,9,170
2,0,0,2,0,0,0,7,119
3,0,0,4,0,1,1,8,111
5,0,0,8,0,1,1,8,103
6,0,1,0,0,0,1,8,196
4,0,0,4,0,0,1,7,86
2,0,0,3,1,1,2,9,153
6,0,0,5,1,4,1,7,201
4,0,0,5,1,0,2,9,204
6,0,0,5,1,1,1,8,273
2,0,0,2,1,0,1,8,118
6,0,0,2,0,1,2,9,144
3,0,0,3,0,1,1,8,144
3,0,0,3,0,2,1,7,155
4,0,0,7,0,1,1,8,283
3,0,0,7,0,0,2,9,203
2,0,0,4,0,0,1,8,188
4,0,0,1,1,0,1,8,143
5,0,0,4,0,2,1,8,188
4,0,0,1,0,0,1,8,165
2,0,0,3,1,0,2,9,112
3,0,0,1,1,0,2,9,168
4,0,0,4,0,2,1,8,143
1,1,0,0,0,0,0,7,137
6,0,0,6,0,1,1,8,198
4,0,0,2,0,0,1,8,109
3,0,0,1,0,4,1,8,159
1,1,0,0,0,0,0,7,84
2,0,0,1,1,1,1,8,143
5,0,0,2,0,1,1,8,234
4,0,0,1,0,0,1,8,142
5,0,0,3,0,1,1,8,127
5,0,0,4,0,2,1,8,197
4,0,0,1,0,0,2,9,163
3,0,0,5,0,1,1,7,209
6,0,0,3,1,0,1,8,118
7,1,0,0,0,0,2,9,274
3,0,0,4,0,0,1,7,91
2,0,0,2,0,0,0,7,137
2,0,0,1,0,0,1,8,130
4,0,0,3,0,1,1,8,176
2,0,0,4,1,1,2,9,243
5,0,0,4,0,0,1,8,171
6,0,0,3,0,0,1,7,108
7,1,0,0,0,0,1,8,177
2,0,0,4,0,0,2,9,118
6,0,0,2,0,0,1,8,102
3,0,0,5,0,0,1,8,122
4,0,0,2,0,0,0,7,149
3,0,0,3,1,0,1,8,133
3,0,0,5,0,0,2,9,236
4,0,0,5,0,0,1,8,107
4,0,0,2,0,0,2,9,166
4,0,0,4,0,0,2,9,192
2,0,0,5,0,2,1,8,139
5,0,0,3,1,0,1,7,230
5,0,0,7,0,0,1,8,110
5,0,0,6,0,1,1,8,239
5,0,0,2,0,0,1,8,146
3,0,0,2,0,1,1,8,155
4,0,1,0,0,0,1,8,120
3,0,0,2,0,1,1,8,136
5,0,0,4,1,0,1,7,93
7,1,0,0,0,0,1,8,126
5,0,0,5,0,0,1,8,112
7,1,0,0,0,0,1,8,172
5,0,0,3,0,1,1,8,188
2,0,0,5,0,0,1,8,119
4,0,0,1,0,2,0,7,107
3,0,0,4,0,1,1,8,135
5,0,0,5,0,0,1,8,187
6,0,0,6,0,1,1,8,267
2,0,0,2,0,0,1,8,132
2,0,0,4,0,0,1,7,120
7,1,0,0,0,0,0,7,157
3,0,0,3,1,0,1,8,137
5,0,0,3,0,0,2,9,194
2,0,0,1,0,1,1,8,264
6,0,0,5,1,1,1,8,121
4,0,0,2,0,1,1,8,205
4,0,0,1,0,0,1,8,136
4,0,0,0,1,0,2,9,146
3,0,0,4,0,1,1,8,122
3,0,0,4,0,2,1,8,242
5,0,0,1,0,0,1,8,166
5,0,0,5,0,0,1,8,153
5,0,0,1,0,0,2,9,123
5,0,0,3,0,0,1,8,99
5,0,0,3,0,0,2,9,179
2,0,0,5,0,0,1,8,255
6,0,0,5,0,0,2,9,257
4,0,0,1,0,0,2,9,204
3,0,0,0,1,1,1,8,99
4,0,0,2,0,0,2,9,167
5,0,0,3,0,1,2,9,268
6,0,0,4,0,1,1,7,90
6,0,0,8,0,1,1,8,215
4,0,0,4,1,0,1,8,135
5,0,0,3,0,0,1,7,101
4,0,0,2,0,0,2,9,147
4,0,0,1,0,1,1,8,151
6,0,0,2,0,1,1,8,168
5,0,0,5,0,2,1,8,209
4,0,0,3,0,0,2,9,252
3,0,0,4,0,1,1,8,158
6,0,0,2,1,2,1,8,100
5,0,0,6,0,0,1,8,256
4,0,0,2,0,0,1,8,184
3,0,0,7,0,1,1,8,154
5,0,0,2,0,1,2,9,133
2,0,0,1,0,2,1,8,119
2,0,0,2,0,0,1,8,150
4,0,0,6,0,2,2,9,260
2,0,0,4,1,2,1,8,108
3,0,0,1,0,2,2,9,281
2,0,0,2,0,0,1,8,186
5,0,0,4,0,2,1,8,159
6,0,0,2,1,0,0,7,134
2,0,0,6,0,2,1,8,255
3,0,0,6,0,2,1,8,99
2,0,0,3,0,0,1,8,190
3,0,0,3,0,1,1,8,190
5,0,0,0,0,0,1,8,96
5,0,0,3,0,3,1,8,174
6,0,0,5,1,1,1,8,263
5,0,0,7,0,1,1,8,211
5,0,0,4,0,0,1,8,101
5,0,0,3,1,4,1,8,106
6,0,0,6,0,1,1,8,192
2,0,0,7,0,0,1,8,120
5,0,0,4,0,2,1,8,199
1,1,0,0,0,0,0,7,108
3,0,0,7,0,0,1,8,156
3,0,0,6,0,1,2,9,266
2,0,0,1,0,1,1,8,100
4,0,0,4,0,0,2,9,117
4,0,0,6,0,1,1,7,234
2,0,0,6,0,3,1,7,201
4,0,0,5,0,0,1,8,127
6,0,0,3,0,0,1,8,144
2,0,0,3,0,0,1,8,171
6,0,0,4,1,1,1,8,122
2,0,0,3,0,0,1,8,141
2,0,0,1,1,0,2,9,204
3,0,0,1,0,0,1,8,116
6,0,0,2,1,0,1,8,167
4,0,0,7,0,2,1,7,191
4,0,0,2,0,0,2,9,144
3,0,0,7,0,0,2,9,184
3,0,0,3,0,0,1,8,204
6,0,0,2,0,0,2,9,169
2,0,0,4,0,1,1,8,185
5,0,0,5,0,1,1,8,267
5,0,0,2,0,0,1,8,162
3,0,0,4,0,0,1,7,145
6,0,0,1,0,0,1,8,198
6,0,0,1,0,1,2,9,307
6,0,0,3,0,0,1,7,184
6,0,0,8,0,1,2,9,292
6,0,0,1,0,0,1,8,169
5,0,0,1,0,0,0,7,142
2,0,0,3,1,0,2,9,190
3,0,0,4,0,0,2,9,208
4,0,0,5,1,0,1,8,113
4,0,0,7,0,4,1,7,235
5,0,0,5,0,0,1,8,182
6,0,0,4,1,0,1,8,256
2,0,0,3,0,0,2,9,150
5,0,1,0,0,0,0,7,116
2,0,0,7,0,0,1,8,206
3,0,0,4,0,1,1,8,173
2,0,0,2,0,0,1,8,122
6,0,0,3,0,0,1,8,127
3,0,0,5,0,0,1,8,260
3,0,0,4,0,0,1,7,144
2,0,0,1,0,1,1,8,124
2,0,0,3,0,0,2,9,187
4,0,0,4,0,0,1,8,120
5,0,0,4,0,1,1,8,237
4,0,0,2,1,0,1,8,162
2,0,0,2,0,1,2,9,158
4,0,0,4,0,0,1,8,191
3,0,0,6,0,1,1,8,211
6,0,0,5,0,1,1,8,246
2,0,0,5,0,0,1,8,128
3,0,0,5,0,0,1,8,205
5,0,0,2,0,0,1,8,99
2,0,0,2,0,0,2,9,141
6,0,0,2,1,0,1,8,124
3,0,0,5,0,1,1,8,101
6,0,0,4,0,1,1,8,125
3,0,0,1,0,0,1,8,184
2,0,0,8,1,2,1,7,199
4,0,0,5,0,0,1,8,201
3,0,0,1,1,1,1,8,125
4,0,0,2,0,0,1,8,97
2,0,0,4,1,0,1,7,196
4,0,0,1,0,1,1,8,143
2,0,0,3,0,2,1,7,88
3,0,0,3,0,0,1,8,105
4,0,0,3,0,0,1,8,99
3,0,0,5,0,0,1,8,185
6,0,0,6,0,0,2,9,127
5,0,0,7,0,1,1,8,208
2,0,0,4,1,2,2,9,167
3,0,0,3,0,0,1,8,156
2,0,0,6,0,1,1,8,166
5,0,0,2,0,0,1,8,140
2,0,0,0,0,0,0,7,146
2,0,0,2,0,2,1,8,151
2,0,0,1,0,1,1,8,224
3,0,0,5,1,2,2,9,238
2,0,0,2,0,0,2,9,157
4,0,0,1,0,1,1,8,283
5,0,0,4,0,0,2,9,317
5,0,0,4,0,0,1,8,147
5,0,0,5,0,2,1,8,259
5,0,0,8,0,1,1,7,199
6,0,0,3,0,5,1,8,256
3,0,0,2,0,0,1,8,187
6,0,0,2,0,1,1,8,121
2,0,0,2,0,2,1,8,116
4,0,1,0,0,0,2,9,111
6,0,0,5,0,0,2,9,320
5,0,0,2,0,0,2,9,146
6,0,0,8,0,0,1,7,97
3,0,0,4,0,3,1,8,284
2,0,0,4,1,0,1,8,133
5,0,0,6,0,0,2,9,119
1,1,0,0,0,0,2,9,258
4,0,0,5,0,2,1,8,266
5,0,0,3,1,0,1,8,132
3,0,0,3,0,1,1,7,163
5,0,0,2,1,0,1,8,191
2,0,0,3,0,0,1,7,121
5,0,0,8,0,0,2,9,314
4,0,0,2,0,1,2,9,141
2,0,0,5,0,2,1,8,235
3,0,0,4,0,2,2,9,191
5,0,0,8,0,0,1,8,106
2,0,0,4,0,3,1,8,138
3,0,0,4,0,4,1,7,124
3,0,0,0,1,2,1,8,130
2,0,0,2,0,0,1,8,98
3,0,0,4,0,0,1,8,209
4,0,0,5,0,0,1,8,98
5,0,0,1,0,1,0,7,117
3,0,0,2,0,2,1,8,131
4,0,0,1,0,0,2,9,118
5,0,0,5,0,1,1,7,250
4,0,0,3,1,0,1,8,128
5,0,0,2,0,1,2,9,201
4,0,0,3,0,2,1,8,171
4,0,0,3,0,2,1,8,153
2,0,0,3,0,0,1,7,105
4,0,0,4,0,0,1,8,137
3,0,0,4,1,0,1,8,236
5,0,0,3,0,1,1,8,168
2,0,0,2,0,0,1,8,136
4,0,0,2,0,1,1,8,265
4,0,0,6,0,0,1,7,212
2,0,0,0,0,1,1,8,107
2,0,0,7,0,0,2,9,169
4,0,0,4,0,0,2,9,241
2,0,0,3,0,1,1,7,103
6,0,0,5,0,0,1,8,173
3,0,0,2,0,3,1,8,173
4,0,0,4,1,2,2,9,267
6,0,0,7,0,0,1,8,285
2,0,0,4,0,1,1,8,163
6,0,0,7,0,1,1,8,227
2,0,0,3,0,0,1,8,134
5,0,0,4,0,0,1,8,189
6,0,0,3,0,0,1,8,105
6,0,0,4,1,1,1,8,286
5,0,0,0,1,2,1,8,144
5,0,0,3,0,0,1,8,134
7,1,0,0,0,0,0,7,199
3,0,0,3,0,0,1,8,113
6,0,0,3,0,0,2,9,129
4,0,0,4,0,2,1,8,130
4,0,0,6,0,1,2,9,112
2,0,0,2,0,2,0,7,223
6,0,0,4,0,0,2,9,121
5,0,0,4,0,1,2,9,139
2,0,0,3,0,2,1,7,91
4,0,0,7,0,0,1,7,162
5,0,0,3,0,3,1,7,237
2,0,0,7,0,0,1,8,234
3,0,0,5,0,0,1,7,156
3,0,0,4,0,0,2,9,163
4,0,0,8,0,1,1,8,277
4,0,0,7,0,1,1,8,147
2,0,0,6,0,0,1,8,198
5,0,0,5,0,0,1,8,270
2,0,0,1,0,1,0,7,110
4,0,0,2,1,0,2,9,215
4,0,0,0,0,1,0,7,157
4,0,0,3,0,0,1,8,172
4,0,0,3,1,2,1,8,154
4,0,0,3,0,1,1,7,90
3,0,0,3,0,0,2,9,115
2,0,0,0,0,0,2,9,187
6,0,0,5,0,1,1,8,273
5,0,0,4,0,1,1,7,141
2,0,0,4,0,0,1,7,105
4,0,0,4,0,0,1,8,176
4,0,0,3,0,0,1,8,98
4,0,0,1,0,3,0,7,145
3,0,0,4,1,0,1,7,250
3,0,0,4,0,0,1,8,236
5,0,0,7,0,0,1,8,240
6,0,0,4,0,0,1,8,126
3,0,0,1,0,1,1,8,110
2,0,0,3,0,0,1,7,99
6,0,0,8,0,0,2,9,323
4,0,0,3,0,2,1,8,159
3,0,0,5,0,2,1,8,156
2,0,0,4,0,0,1,8,130
4,0,0,5,0,0,1,8,111
6,0,0,7,0,0,1,8,188
2,0,0,2,1,0,1,8,119
3,0,0,1,0,1,1,8,141
7,1,0,0,0,0,1,8,121
3,0,0,3,0,0,2,9,118
3,0,0,3,0,2,2,9,274
5,0,0,4,0,0,1,8,105
5,0,0,2,0,0,1,8,173
3,0,0,2,0,1,0,7,152
3,0,0,3,0,0,1,7,125
2,0,0,4,0,0,1,7,132
2,0,0,4,1,0,2,9,233
3,0,0,3,1,0,2,9,148
5,0,0,3,0,0,1,8,148
6,0,0,4,0,2,1,7,234
5,0,0,4,0,1,1,8,197
6,0,0,4,0,1,1,8,258
4,0,0,4,0,2,2,9,151
4,0,0,2,0,0,2,9,193
7,1,0,0,0,0,2,9,265
4,0,0,6,0,0,1,8,191
5,0,0,3,0,1,1,8,199
3,0,0,0,0,0,1,8,122
2,0,0,2,1,0,1,8,145
6,0,0,3,0,1,2,9,244
5,0,0,4,0,1,1,8,205
4,0,0,2,0,0,2,9,114
3,0,0,3,0,1,1,7,174
3,0,0,7,0,0,1,8,279
5,0,0,2,0,1,0,7,101
4,0,0,2,0,0,1,8,129
5,0,0,3,0,1,1,8,127
3,0,0,2,0,0,1,8,188
2,0,1,0,0,0,1,8,105
4,0,0,1,0,2,0,7,87
5,0,0,4,0,1,1,8,115
7,1,0,0,0,0,1,8,148
2,0,0,5,0,3,2,9,151
2,0,0,2,1,0,2,9,167
7,1,0,0,0,0,1,8,160
1,1,0,0,0,0,2,9,203
2,0,0,5,1,0,1,8,182
4,0,0,3,1,0,1,8,153
5,0,0,3,0,1,1,8,100
4,0,0,3,0,0,1,7,95
5,0,0,3,1,1,1,8,145
6,0,0,3,0,0,1,8,235
2,0,0,3,1,1,1,7,88
3,0,1,0,0,0,1,8,169
2,0,0,4,0,0,2,9,115
6,0,0,6,0,1,1,8,281
6,0,0,1,0,0,1,8,137
5,0,0,3,0,0,1,8,102
4,0,0,1,0,1,0,7,137
4,0,0,4,0,0,1,7,144
2,0,0,3,0,2,2,9,150
3,0,0,0,0,1,2,9,186
4,0,0,2,0,2,1,8,126
4,0,0,5,0,0,1,7,140
5,0,0,3,0,0,1,8,137
6,0,0,4,0,1,1,8,277
5,0,0,1,0,1,1,8,118
2,0,0,2,0,2,1,8,151
3,0,0,4,0,4,1,8,263
2,0,1,0,0,0,1,8,246
5,0,0,4,0,0,2,9,290
2,0,0,6,1,1,2,9,115
5,0,0,3,0,0,2,9,257
6,0,0,7,1,2,1,8,230
5,0,0,2,0,2,1,8,111
4,0,0,8,0,2,1,7,228
4,0,0,5,0,2,1,7,222
4,0,0,4,0,2,2,9,247
7,1,0,0,0,0,1,8,107
4,0,0,3,0,0,1,8,188
5,0,0,0,0,0,1,8,164
2,0,0,3,0,0,1,8,233
5,0,0,3,0,0,1,7,134
2,0,0,4,0,0,1,8,164
6,0,0,4,0,0,1,8,220
5,0,0,3,0,0,1,8,168
6,0,0,2,0,0,2,9,192
2,0,0,3,0,0,1,8,173
2,0,0,4,0,0,1,8,154
3,0,0,1,0,0,1,8,144
2,0,0,4,0,2,1,7,94
5,0,0,0,1,0,1,8,202
6,0,0,4,0,0,1,7,133
4,0,0,5,0,0,1,8,122
3,0,0,5,1,1,2,9,311
2,0,0,6,1,0,1,8,126
4,0,0,2,0,0,2,9,109
4,0,0,3,0,0,1,8,141
6,0,0,4,0,0,1,8,194
2,0,0,7,1,0,1,7,248
4,0,0,5,0,0,1,8,154
3,0,0,5,0,1,1,8,270
2,0,0,2,0,0,1,8,109
6,0,0,4,0,1,1,8,205
5,0,0,6,0,0,1,8,252
3,0,0,1,0,1,0,7,100
2,0,0,3,0,1,1,7,184
6,0,0,6,0,3,1,8,216
3,0,0,4,0,0,1,8,150
2,0,0,2,0,1,1,8,130
3,0,0,2,0,0,1,8,160
4,0,0,5,1,0,1,8,137
6,0,0,1,0,0,1,8,139
4,0,0,6,0,1,1,8,203
3,0,0,3,0,1,1,8,166
2,0,0,6,1,0,1,8,234
6,0,0,2,0,0,0,7,195
2,0,0,7,0,2,1,7,168
5,0,0,2,0,3,0,7,154
2,0,0,3,0,0,2,9,161
3,0,0,2,0,1,1,8,127
4,0,0,2,0,3,1,8,97
2,0,0,1,0,2,1,8,137
3,0,0,3,0,2,2,9,191
3,0,0,3,0,2,1,8,180
4,0,0,2,0,1,1,8,176
4,0,0,4,0,2,1,7,145
3,0,0,5,0,2,1,7,119
3,0,0,4,0,0,1,8,263
6,0,0,4,0,0,1,8,103
5,0,0,5,0,3,2,9,119
6,0,0,3,0,1,1,8,216
4,0,0,5,0,0,2,9,117
5,0,0,3,0,0,2,9,181
5,0,0,2,0,0,1,8,113
2,0,0,3,1,0,1,8,162
2,0,0,5,0,0,1,8,164
2,0,0,4,0,1,1,8,228
5,0,0,2,0,2,1,8,102
3,0,0,5,1,1,1,8,240
2,0,0,4,0,0,1,8,194
3,0,0,2,0,3,0,7,117
2,0,0,4,0,0,1,8,153
4,0,0,1,0,2,1,8,279
5,0,0,3,0,1,1,8,271
5,0,0,8,0,1,1,8,140
4,0,0,4,0,0,1,8,158
5,0,0,3,0,1,1,8,135
3,0,0,1,1,0,1,8,113
5,0,0,1,0,0,1,8,146
2,0,0,3,0,0,1,8,189
3,0,0,5,0,0,1,8,184
6,0,0,5,0,0,2,9,301
3,0,0,3,0,2,1,8,105
3,0,0,3,0,2,1,8,131
3,0,0,3,0,1,1,8,257
5,0,0,2,1,1,1,8,191
2,0,0,3,0,0,2,9,213
4,0,0,4,0,0,1,8,138
5,0,0,1,1,2,2,9,189
5,0,0,2,0,0,1,8,112
2,0,0,4,0,0,2,9,190
2,0,0,5,0,0,1,7,85
2,0,0,1,0,0,1,8,104
4,0,0,1,0,2,2,9,171
5,0,0,5,0,0,1,7,105
2,0,0,3,1,0,1,8,113
6,0,0,4,0,0,1,8,201
6,0,0,5,0,1,1,8,183
7,1,0,0,0,0,1,8,148
7,1,0,0,0,0,2,9,158
6,0,0,3,0,0,2,9,200
5,0,0,2,0,0,1,8,136
2,0,0,3,0,2,1,8,160
6,0,0,4,1,1,1,8,198
4,0,0,4,1,0,1,8,211
4,0,0,2,0,2,0,7,106
5,0,0,3,0,0,2,9,127
5,0,0,6,0,0,1,8,244
6,0,0,2,0,0,2,9,124
3,0,0,4,0,0,1,8,141
2,0,0,3,1,2,1,7,179
2,0,0,2,0,0,0,7,128
2,0,0,7,0,2,1,7,214
5,0,0,3,0,0,1,8,172
3,0,0,3,0,1,1,8,107
2,0,0,7,0,0,1,8,150
3,0,0,3,1,0,1,8,113
2,0,0,4,0,0,1,7,92
3,0,0,2,0,1,1,8,188
3,0,0,2,0,1,1,8,117
2,0,0,2,0,0,2,9,135
4,0,0,2,0,0,1,8,156
4,0,0,3,0,0,1,8,125
2,0,0,4,0,1,1,8,131
2,0,0,2,0,1,2,9,203
6,0,0,2,0,0,2,9,117
2,0,0,6,0,0,1,8,112
2,0,0,4,0,1,1,8,145
4,0,0,3,0,2,2,9,183
2,0,0,5,1,2,1,8,281
2,0,0,7,0,1,1,8,181
6,0,0,2,0,0,1,8,220
5,0,0,5,1,0,1,7,189
4,0,0,1,0,0,1,8,109
6,0,0,7,0,2,1,8,223
6,0,0,4,0,2,1,8,232
6,0,0,1,0,1,0,7,145
3,0,0,1,0,0,0,7,90
2,0,0,5,0,1,1,8,132
6,0,0,0,0,0,1,8,162
3,0,0,2,0,2,2,9,213
3,0,0,2,0,0,2,9,156
5,0,0,6,1,4,1,8,277
4,0,0,8,0,0,1,8,279
5,0,1,0,0,0,0,7,173
2,0,0,5,0,2,2,9,279
5,0,0,4,0,0,1,8,149
2,0,0,2,0,0,2,9,145
3,0,0,2,0,0,1,8,160
2,0,0,6,0,0,2,9,119
4,0,0,4,0,0,1,8,125
2,0,0,6,0,1,2,9,132
5,0,0,3,0,0,1,8,146
5,0,0,3,0,0,2,9,166
4,0,0,4,0,1,1,8,263
6,0,0,3,0,1,1,7,125
2,0,0,3,0,0,1,7,133
2,0,1,0,0,0,2,9,122
2,0,0,6,0,2,2,9,210
2,0,0,4,0,0,1,7,107
2,0,0,8,0,0,1,7,153
3,0,0,4,0,1,1,8,153
2,0,0,2,0,1,2,9,169
6,0,0,3,0,2,1,8,160
6,0,0,1,1,0,1,8,131
2,0,0,5,0,0,1,7,96
2,0,0,2,0,0,1,8,97
4,0,0,5,0,0,1,7,172
4,0,0,4,0,0,2,9,145
2,0,0,3,0,2,1,7,165
2,0,0,3,0,0,1,8,98
6,0,0,5,0,0,1,8,124
3,0,0,4,1,2,1,8,190
6,0,0,3,0,1,1,8,231
4,0,0,4,0,0,1,8,159
2,0,0,1,0,3,1,8,123
2,0,0,3,0,1,1,8,108
3,0,0,6,0,1,1,8,238
6,0,0,5,0,1,1,8,263
4,0,0,3,0,0,1,7,141
5,0,0,5,0,2,1,8,257
2,0,0,2,0,1,1,8,136
3,0,0,3,0,1,1,8,103
5,0,0,2,1,0,0,7,121
2,0,0,4,0,0,2,9,150
3,0,0,0,0,0,1,8,118
2,0,0,6,0,1,1,8,134
6,0,0,1,0,0,1,8,157
5,0,0,4,0,0,2,9,289
4,0,0,5,1,1,2,9,220
6,0,0,4,0,0,2,9,286
6,0,0,3,0,0,1,8,126
4,0,0,6,0,0,1,8,169
2,0,0,3,1,0,1,8,101
2,0,0,3,0,0,1,7,155
6,0,0,8,1,0,2,9,134
2,0,0,2,0,0,1,8,148
5,0,0,1,0,1,2,9,191
2,0,0,2,0,0,0,7,107
6,0,0,3,0,0,1,8,145
3,0,0,1,0,0,1,8,163
2,0,0,6,0,0,2,9,291
5,0,0,2,0,0,1,8,211
2,0,0,4,0,0,1,8,161
2,0,0,4,1,0,1,8,148
5,0,0,3,0,1,2,9,237
6,0,0,4,0,0,1,7,98
3,0,0,2,0,2,1,8,237
3,0,0,4,1,0,1,8,161
6,0,0,2,1,0,1,8,175
2,0,0,3,1,0,2,9,178
5,0,0,0,0,0,1,8,120
4,0,0,5,0,0,2,9,127
4,0,0,6,0,1,1,8,125
5,0,0,3,0,2,1,8,106
2,0,0,7,0,0,1,8,148
5,0,0,3,1,0,2,9,158
3,0,0,3,1,0,1,7,88
1,1,0,0,0,0,2,9,233
4,0,0,4,0,2,1,8,215
4,0,0,5,0,1,1,7,181
5,0,0,1,0,0,0,7,129
6,0,0,8,0,0,1,8,216
6,0,0,2,0,2,1,8,129
3,0,0,4,0,0,2,9,167
6,0,0,3,0,1,2,9,113
5,0,0,0,0,3,1,8,108
5,0,0,7,1,0,2,9,258
2,0,0,4,1,0,1,7,168
3,0,0,4,0,0,1,8,122
5,0,0,2,0,1,1,8,192
4,0,0,5,0,0,2,9,288
2,0,0,4,0,0,1,8,166
4,0,0,5,0,0,1,7,145
5,0,0,2,0,1,0,7,193
2,0,0,1,0,0,1,8,166
2,0,0,6,0,1,1,8,186
4,0,0,1,0,1,1,8,164
2,0,0,8,0,0,1,8,96
5,0,0,3,0,0,1,8,126
6,0,0,4,0,1,1,8,224
6,0,0,3,0,2,1,8,195
5,0,0,5,0,0,1,8,180
2,0,0,7,0,0,1,7,183
3,0,0,0,0,1,1,8,117
3,0,0,3,0,1,1,8,158
2,0,0,3,0,1,1,7,160
4,0,0,3,0,1,1,8,218
2,0,0,3,1,0,1,7,140
4,0,0,1,0,0,1,8,185
4,0,0,3,1,2,2,9,125
6,0,0,2,0,0,1,8,159
5,0,0,6,1,0,1,8,196
3,0,0,1,0,1,1,8,129
5,0,0,0,0,0,1,8,138
6,0,0,2,0,4,0,7,152
5,0,0,8,0,2,1,8,215
4,0,0,2,0,0,2,9,198
3,0,0,3,0,1,2,9,115
3,0,0,8,0,0,1,8,259
4,0,0,1,1,0,2,9,215
3,0,0,8,0,0,1,8,193
3,0,0,2,0,2,2,9,113
5,0,0,8,0,0,2,9,291
3,0,0,3,0,1,2,9,115
5,0,0,3,0,2,1,8,153
5,0,0,4,0,1,1,8,116
5,0,0,1,0,0,0,7,124
4,0,0,3,0,0,2,9,140
2,0,0,1,0,0,1,8,159
3,0,0,5,0,0,1,8,134
6,0,0,5,0,1,1,8,265
2,0,0,3,0,0,1,7,143
4,0,0,6,0,2,1,8,261
4,0,0,4,0,0,1,7,115
3,0,0,6,0,0,1,8,172
4,0,0,8,0,0,1,8,260
4,0,0,6,0,2,1,8,219
6,0,0,3,0,0,1,7,148
6,0,0,8,1,2,2,9,162
6,0,0,4,0,0,1,7,145
6,0,0,5,0,1,1,8,232
6,0,0,4,0,0,2,9,244
5,0,0,5,1,1,1,8,245
6,0,0,6,0,1,1,8,267
6,0,0,2,1,0,2,9,279
5,0,0,0,0,0,1,8,153
4,0,0,2,0,1,1,8,185
2,0,0,7,0,1,1,8,145
5,0,0,3,1,1,1,8,166
4,0,0,4,0,1,1,8,130
5,0,0,3,0,1,1,8,173
3,0,0,8,0,0,2,9,175
6,0,0,5,0,0,1,8,182
2,0,0,5,0,0,1,7,124
2,0,0,8,0,1,1,7,238
5,0,0,2,1,0,2,9,174
4,0,0,5,0,0,1,8,277
6,0,0,6,0,3,1,7,134
4,0,0,2,0,0,0,7,139
5,0,0,3,0,0,1,8,126
3,0,0,2,0,3,1,8,171
6,0,0,2,0,2,1,8,113
2,0,0,0,0,0,0,7,92
2,0,0,3,1,0,1,7,161
4,0,0,2,0,0,2,9,115
4,0,0,3,0,1,1,7,242
4,0,0,0,0,1,1,8,165
3,0,0,3,0,1,1,8,123
5,0,0,7,1,1,1,8,163
5,0,0,2,0,0,1,8,170
6,0,0,4,0,3,1,7,217
3,0,0,6,0,0,1,7,240
2,0,0,4,1,2,1,7,225
5,0,0,4,0,1,1,8,277
2,0,0,1,0,1,1,8,191
3,0,0,5,0,1,1,8,271
2,0,0,6,0,0,1,8,261
5,0,0,0,0,0,2,9,211
4,0,0,3,0,0,1,7,149
5,0,0,2,0,0,1,8,168
7,1,0,0,0,0,2,9,193
4,0,0,5,0,3,1,7,111
5,0,0,5,0,1,2,9,284
6,0,0,2,0,0,1,8,142
3,0,0,6,0,0,1,8,251
2,0,0,8,0,0,1,8,104
5,0,0,2,0,2,1,8,160
2,0,0,2,0,2,1,8,131
5,0,0,2,0,4,1,8,157
5,0,0,5,0,1,1,8,253
4,0,0,6,1,0,1,8,111
2,0,0,3,1,0,1,8,107
5,0,0,2,0,1,2,9,139
5,0,0,2,0,0,1,8,128
5,0,0,6,0,1,1,8,199
6,0,0,2,0,3,1,8,168
4,0,0,6,0,0,2,9,240
3,0,0,2,0,0,0,7,167
4,0,0,1,0,3,0,7,158
4,0,0,2,1,1,2,9,188
4,0,0,2,0,2,1,8,158
3,0,0,2,0,1,1,8,134
3,0,0,2,0,0,2,9,205
3,0,0,4,0,1,1,7,117
2,0,0,2,1,0,1,8,131
3,0,0,4,0,2,1,8,251
6,0,0,3,0,0,2,9,139
5,0,0,4,1,1,1,8,264
5,0,0,5,0,0,1,8,149
5,0,0,4,0,0,1,8,153
6,0,0,3,1,0,2,9,131
4,0,0,3,0,1,2,9,109
5,0,0,3,0,0,2,9,296
4,0,0,2,0,0,1,8,138
2,0,1,0,0,0,2,9,211
6,0,0,3,0,0,1,8,219
3,0,0,4,0,0,1,8,183
5,0,0,8,0,2,1,8,178
5,0,0,2,0,1,2,9,136
4,0,0,5,0,0,2,9,142
4,0,0,3,0,1,1,8,120
4,0,0,3,0,1,2,9,180
5,0,0,3,0,0,1,8,176
6,0,0,2,0,0,1,8,152
5,0,0,4,0,0,1,8,113
4,0,0,1,0,0,1,8,168
6,0,0,3,0,0,2,9,180
4,0,0,6,0,1,1,8,277
3,0,0,3,0,1,1,8,113
3,0,0,4,1,0,1,8,157
3,0,0,7,0,2,1,8,148
2,0,0,3,0,2,1,8,140
2,0,0,2,0,0,1,8,188
6,0,0,2,0,4,2,9,255
3,0,0,2,0,3,1,8,170
2,0,1,0,0,0,1,8,249
4,0,0,5,0,0,1,8,248
6,0,0,1,1,0,0,7,199
5,0,0,4,0,0,1,8,178
5,0,0,2,0,1,2,9,127
3,0,0,2,0,2,0,7,127
2,0,0,4,0,1,2,9,212
5,0,0,1,0,3,0,7,167
4,0,0,3,0,1,1,8,100
6,0,0,3,1,0,1,8,105
2,0,0,6,0,1,2,9,274
2,0,0,3,0,0,2,9,214
3,0,0,2,0,0,1,8,125
5,0,0,4,0,0,1,8,191
4,0,0,1,1,2,2,9,128
6,0,0,3,0,0,1,8,226
3,0,0,5,0,0,1,7,94
2,0,0,1,0,2,0,7,139
4,0,0,2,0,0,0,7,106
3,0,0,1,0,2,1,8,192
3,0,0,8,0,0,1,7,180
4,0,0,3,0,1,1,8,117
6,0,0,2,0,1,1,8,255
3,0,0,2,0,2,1,8,213
3,0,0,4,0,0,1,7,151
4,0,0,2,0,0,1,8,153
4,0,0,1,0,0,2,9,155
6,0,0,1,0,1,1,8,134
3,0,0,5,0,1,1,8,266
3,0,0,4,0,0,1,8,207
4,0,0,1,0,0,2,9,149
3,0,0,3,0,1,1,8,152
2,0,0,4,0,0,1,8,102
4,0,0,4,0,0,2,9,113
6,0,0,4,0,3,1,8,192
3,0,0,0,0,0,1,8,110
3,0,0,4,0,0,1,7,109
5,0,0,2,0,1,1,8,191
5,0,0,0,0,1,0,7,106
