dayOfWeek,isWeekend,isHoliday,totalMeetingCount,hasImportantDeadline,earlyMeetingCount,sessionCount,deepWorkMinutes,taskCompleted,deepWorkEfficiency,meetingDensity,earlyMeetingRatio,intensityRatio,startHour,workDuration,endHour
7,1,0,0,0,0,0,0,0,0.0,0.0,0.0,0.0,0,0,0
2,0,0,2,0,1,2,212,5,0.5888888888888889,0.2,0.3333333333333333,1.7520661157024793,9,9,19
5,0,0,3,1,0,1,110,2,0.5092592592592593,0.3,0.0,0.6077348066298343,9,7,17
4,0,0,2,0,0,1,119,2,0.5560747663551402,0.2,0.0,0.9834710743801653,9,7,17
5,0,1,0,0,0,0,0,0,0.0,0.0,0.0,0.0,0,0,0
5,0,0,1,0,0,1,100,4,0.4219409282700422,0.1,0.0,1.639344262295082,10,8,19
4,0,0,6,0,2,1,149,8,0.5137931034482759,0.6,0.2857142857142857,0.41274238227146814,9,8,18
6,0,0,5,0,0,1,108,3,0.46153846153846156,0.5,0.0,0.3588039867109635,10,8,19
2,0,0,2,0,3,1,158,7,0.5851851851851851,0.2,1.0,1.3057851239669422,9,8,18
5,0,0,4,1,0,2,153,5,0.5563636363636364,0.4,0.0,0.6348547717842323,9,8,18
2,0,0,0,1,1,1,97,4,0.470873786407767,0.0,1.0,97.0,9,7,17
5,0,0,8,0,0,2,229,6,0.6432584269662921,0.8,0.0,0.4760914760914761,8,8,17
4,0,0,4,0,0,2,135,5,0.5018587360594795,0.4,0.0,0.5601659751037344,9,8,18
3,0,0,4,0,0,1,118,6,0.4645669291338583,0.4,0.0,0.4896265560165975,10,8,19
2,0,0,4,0,0,3,179,6,0.6280701754385964,0.4,0.0,0.7427385892116183,10,8,19
2,0,0,4,1,0,1,105,4,0.5048076923076923,0.4,0.0,0.43568464730290457,10,7,18
3,0,0,8,0,0,3,259,6,0.6925133689839572,0.8,0.0,0.5384615384615384,8,8,17
2,0,0,2,0,0,1,99,5,0.4876847290640394,0.2,0.0,0.8181818181818182,11,8,20
6,0,0,3,0,0,1,166,5,0.6217228464419475,0.3,0.0,0.9171270718232044,9,7,17
7,1,0,0,0,0,0,0,0,0.0,0.0,0.0,0.0,0,0,0
3,0,0,2,0,2,3,140,4,0.5384615384615384,0.2,0.6666666666666666,1.1570247933884297,9,7,17
6,0,0,6,0,1,2,196,5,0.6068111455108359,0.6,0.14285714285714285,0.5429362880886427,8,8,17
1,1,0,0,0,0,1,125,4,0.5580357142857143,0.0,0.0,125.0,10,7,18
4,0,0,0,0,3,3,165,5,0.6088560885608856,0.0,3.0,165.0,9,8,18
1,1,0,0,0,0,0,0,0,0.0,0.0,0.0,0.0,0,0,0
2,0,1,0,0,0,0,0,0,0.0,0.0,0.0,0.0,0,0,0
5,0,0,3,0,0,3,208,10,0.6265060240963856,0.3,0.0,1.149171270718232,10,9,20
4,0,0,4,0,2,2,132,5,0.528,0.4,0.4,0.5477178423236515,9,8,18
4,0,0,2,0,0,3,209,7,0.6634920634920635,0.2,0.0,1.7272727272727273,7,8,16
2,0,0,3,1,2,4,237,8,0.6388140161725068,0.3,0.5,1.3093922651933703,8,8,17
3,0,0,7,1,0,3,258,9,0.688,0.7,0.0,0.6128266033254157,8,8,17
4,0,0,6,0,1,5,278,8,0.695,0.6,0.14285714285714285,0.7700831024930748,8,8,17
3,0,0,5,0,2,2,196,9,0.6086956521739131,0.5,0.3333333333333333,0.6511627906976745,8,8,17
4,0,0,2,0,2,2,132,5,0.6055045871559633,0.2,0.6666666666666666,1.0909090909090908,9,7,17
4,0,0,5,0,0,2,139,5,0.5091575091575091,0.5,0.0,0.46179401993355484,10,8,19
3,0,0,1,0,0,2,145,6,0.5894308943089431,0.1,0.0,2.377049180327869,9,8,18
6,0,0,4,0,0,3,185,4,0.625,0.4,0.0,0.7676348547717843,8,7,16
5,0,0,2,0,1,2,175,5,0.5737704918032787,0.2,0.3333333333333333,1.4462809917355373,9,8,18
4,0,0,1,0,0,2,198,8,0.5577464788732395,0.1,0.0,3.2459016393442623,9,9,19
2,0,0,1,0,0,1,136,6,0.525096525096525,0.1,0.0,2.2295081967213113,10,7,18
2,0,0,1,0,3,1,135,4,0.5252918287937743,0.1,1.5,2.2131147540983607,9,8,18
1,1,0,0,0,0,4,232,6,0.6444444444444445,0.0,0.0,232.0,7,8,16
2,0,0,4,0,0,3,178,9,0.6202090592334495,0.4,0.0,0.7385892116182573,11,9,21
3,0,0,5,0,0,1,114,5,0.4634146341463415,0.5,0.0,0.3787375415282392,10,8,19
6,0,0,6,0,2,3,259,8,0.6658097686375322,0.6,0.2857142857142857,0.7174515235457064,8,8,17
4,0,0,2,0,0,2,137,5,0.5502008032128514,0.2,0.0,1.1322314049586777,11,9,21
3,0,0,1,0,2,2,153,6,0.583969465648855,0.1,1.0,2.5081967213114753,9,8,18
4,0,0,1,0,0,3,206,4,0.6094674556213018,0.1,0.0,3.377049180327869,10,9,20
2,0,0,2,0,0,1,95,4,0.4634146341463415,0.2,0.0,0.7851239669421488,9,7,17
6,0,0,8,0,0,2,201,6,0.6547231270358306,0.8,0.0,0.4178794178794179,8,7,16
6,0,0,3,0,1,1,146,4,0.6058091286307054,0.3,0.25,0.8066298342541437,9,7,17
2,0,0,2,0,3,3,253,8,0.67828418230563,0.2,1.0,2.090909090909091,8,8,17
5,0,1,0,0,0,2,127,3,0.48659003831417624,0.0,0.0,127.0,9,8,18
2,0,0,1,1,0,2,163,6,0.5927272727272728,0.1,0.0,2.6721311475409837,10,9,20
4,0,0,2,0,1,3,230,9,0.6497175141242938,0.2,0.3333333333333333,1.9008264462809918,8,9,18
6,0,0,2,0,0,2,162,5,0.5472972972972973,0.2,0.0,1.3388429752066116,10,9,20
5,0,0,2,0,1,1,146,4,0.5725490196078431,0.2,0.3333333333333333,1.2066115702479339,9,8,18
6,0,0,4,0,1,2,197,7,0.5898203592814372,0.4,0.2,0.8174273858921162,8,8,17
5,0,0,0,0,1,1,119,5,0.536036036036036,0.0,1.0,119.0,9,8,18
2,0,0,2,0,0,1,136,6,0.5291828793774319,0.2,0.0,1.1239669421487604,10,9,20
5,0,0,5,0,0,3,315,10,0.6832971800433839,0.5,0.0,1.0465116279069768,8,9,18
3,0,0,0,1,0,2,181,6,0.567398119122257,0.0,0.0,181.0,9,8,18
6,0,0,1,0,2,3,208,6,0.5892351274787535,0.1,1.0,3.4098360655737703,9,9,19
4,0,0,3,0,1,1,99,5,0.5051020408163265,0.3,0.25,0.5469613259668509,9,8,18
1,1,0,0,0,0,2,179,3,0.5927152317880795,0.0,0.0,179.0,9,9,19
7,1,1,0,0,0,0,0,0,0.0,0.0,0.0,0.0,0,0,0
4,0,0,4,0,0,1,118,4,0.5130434782608696,0.4,0.0,0.4896265560165975,10,9,20
6,0,0,7,1,3,2,211,7,0.6963696369636964,0.7,0.375,0.501187648456057,8,7,16
2,0,0,5,0,0,1,101,5,0.4950980392156863,0.5,0.0,0.33554817275747506,10,7,18
6,0,0,7,0,1,2,150,6,0.5119453924914675,0.7,0.125,0.35629453681710216,9,8,18
5,0,1,0,0,0,0,0,0,0.0,0.0,0.0,0.0,0,0,0
2,0,0,4,0,0,2,189,7,0.5833333333333334,0.4,0.0,0.7842323651452282,10,8,19
5,0,0,3,0,3,5,257,7,0.7079889807162535,0.3,0.75,1.419889502762431,8,8,17
4,0,0,5,0,1,1,122,4,0.5126050420168067,0.5,0.16666666666666666,0.4053156146179402,9,7,17
3,0,0,2,0,3,1,147,3,0.5787401574803149,0.2,1.0,1.2148760330578512,9,8,18
2,0,0,2,0,0,2,126,4,0.504,0.2,0.0,1.0413223140495869,10,7,18
6,0,0,1,0,1,1,174,5,0.6304347826086957,0.1,0.5,2.8524590163934427,9,8,18
4,0,0,4,0,2,2,170,6,0.6296296296296297,0.4,0.4,0.7053941908713693,8,7,16
2,0,0,3,0,3,3,211,6,0.6393939393939394,0.3,0.75,1.1657458563535912,8,7,16
7,1,0,0,0,0,0,0,0,0.0,0.0,0.0,0.0,0,0,0
2,0,0,3,0,0,1,145,6,0.5870445344129555,0.3,0.0,0.8011049723756906,11,7,19
4,0,0,4,0,1,1,121,3,0.555045871559633,0.4,0.2,0.5020746887966805,9,8,18
6,0,0,1,0,1,2,180,4,0.5980066445182725,0.1,0.5,2.9508196721311477,9,9,19
6,0,0,4,0,1,5,305,8,0.6762749445676275,0.4,0.2,1.2655601659751037,8,9,18
6,0,0,3,0,0,2,109,5,0.44672131147540983,0.3,0.0,0.6022099447513812,10,8,19
5,0,0,1,0,0,2,139,6,0.4982078853046595,0.1,0.0,2.278688524590164,10,9,20
6,0,0,2,1,1,1,105,2,0.44680851063829785,0.2,0.3333333333333333,0.8677685950413223,9,8,18
3,0,0,2,0,0,2,185,5,0.578125,0.2,0.0,1.5289256198347108,9,9,19
2,0,0,4,0,1,2,146,5,0.5658914728682171,0.4,0.2,0.6058091286307054,9,8,18
6,0,0,2,0,2,5,248,6,0.6966292134831461,0.2,0.6666666666666666,2.049586776859504,8,8,17
6,0,0,3,1,0,2,124,2,0.5254237288135594,0.3,0.0,0.6850828729281768,10,8,19
6,0,0,2,0,1,1,155,4,0.6300813008130082,0.2,0.3333333333333333,1.28099173553719,9,7,17
2,0,0,4,0,0,2,120,5,0.5150214592274678,0.4,0.0,0.4979253112033195,10,8,19
2,0,0,4,0,0,2,121,3,0.5283842794759825,0.4,0.0,0.5020746887966805,10,8,19
7,1,0,0,0,0,0,0,0,0.0,0.0,0.0,0.0,0,0,0
7,1,0,0,0,0,0,0,0,0.0,0.0,0.0,0.0,0,0,0
3,0,0,6,0,2,2,170,4,0.5782312925170068,0.6,0.2857142857142857,0.4709141274238227,9,9,19
5,0,0,2,0,0,2,153,4,0.6270491803278688,0.2,0.0,1.2644628099173554,10,7,18
6,0,0,2,0,0,2,178,7,0.5741935483870968,0.2,0.0,1.4710743801652892,9,8,18
1,1,0,0,0,0,0,0,0,0.0,0.0,0.0,0.0,0,0,0
4,0,1,0,0,0,0,0,0,0.0,0.0,0.0,0.0,0,0,0
4,0,0,1,1,1,1,159,4,0.5845588235294118,0.1,0.5,2.6065573770491803,9,8,18
3,0,0,3,0,0,2,124,5,0.5610859728506787,0.3,0.0,0.6850828729281768,10,8,19
5,0,0,2,1,1,2,189,8,0.5869565217391305,0.2,0.3333333333333333,1.56198347107438,9,8,18
2,0,0,1,0,0,1,126,3,0.4772727272727273,0.1,0.0,2.0655737704918034,10,8,19
4,0,1,0,0,0,0,0,0,0.0,0.0,0.0,0.0,0,0,0
3,0,0,6,0,1,2,197,5,0.600609756097561,0.6,0.14285714285714285,0.5457063711911357,9,9,19
2,0,0,1,0,0,1,108,2,0.45,0.1,0.0,1.7704918032786885,9,8,18
3,0,0,5,0,0,1,113,4,0.452,0.5,0.0,0.3754152823920266,10,9,20
3,0,0,4,0,2,4,250,10,0.7062146892655368,0.4,0.4,1.037344398340249,8,8,17
4,0,0,4,0,2,3,281,11,0.6611764705882353,0.4,0.4,1.16597510373444,8,8,17
5,0,0,1,0,0,1,109,4,0.5,0.1,0.0,1.7868852459016393,9,9,19
4,0,0,5,0,0,1,113,4,0.5355450236966824,0.5,0.0,0.3754152823920266,9,8,18
6,0,0,1,1,0,1,124,3,0.5511111111111111,0.1,0.0,2.0327868852459017,10,7,18
3,0,0,3,0,0,1,125,5,0.5319148936170213,0.3,0.0,0.6906077348066298,9,7,17
2,0,0,3,0,0,1,103,3,0.4497816593886463,0.3,0.0,0.569060773480663,10,7,18
4,0,0,5,0,3,1,107,4,0.4385245901639344,0.5,0.5,0.3554817275747508,9,8,18
4,0,0,1,1,0,1,107,4,0.4885844748858447,0.1,0.0,1.7540983606557377,10,8,19
2,0,0,5,0,0,1,110,5,0.5365853658536586,0.5,0.0,0.3654485049833887,9,7,17
6,0,0,1,1,1,3,269,5,0.6950904392764858,0.1,0.5,4.409836065573771,8,8,17
7,1,0,0,0,0,1,140,6,0.532319391634981,0.0,0.0,140.0,9,7,17
4,0,0,6,0,0,2,167,4,0.594306049822064,0.6,0.0,0.4626038781163435,10,7,18
4,0,0,4,0,0,1,104,3,0.5123152709359606,0.4,0.0,0.4315352697095436,9,8,18
3,0,0,2,0,0,2,224,6,0.6120218579234973,0.2,0.0,1.8512396694214877,8,8,17
2,0,0,4,0,2,3,212,7,0.6272189349112426,0.4,0.4,0.8796680497925311,7,8,16
6,0,0,1,0,0,2,146,5,0.5488721804511278,0.1,0.0,2.3934426229508197,9,8,18
3,0,0,2,0,1,2,187,9,0.5404624277456648,0.2,0.3333333333333333,1.5454545454545454,9,9,19
4,0,0,4,0,0,2,184,5,0.5696594427244582,0.4,0.0,0.7634854771784232,10,8,19
5,0,0,5,0,0,4,247,5,0.6804407713498623,0.5,0.0,0.8205980066445183,8,7,16
2,0,0,2,0,2,2,152,7,0.5117845117845118,0.2,0.6666666666666666,1.256198347107438,9,9,19
7,1,0,0,0,0,0,0,0,0.0,0.0,0.0,0.0,0,0,0
7,1,0,0,0,0,6,310,10,0.7029478458049887,0.0,0.0,310.0,8,9,18
3,0,0,4,0,0,2,147,5,0.5384615384615384,0.4,0.0,0.6099585062240664,9,8,18
3,0,0,4,0,0,2,161,4,0.6313725490196078,0.4,0.0,0.6680497925311203,9,7,17
4,0,0,4,0,0,2,169,4,0.6236162361623616,0.4,0.0,0.7012448132780082,9,8,18
5,0,0,4,0,2,3,146,6,0.5551330798479087,0.4,0.4,0.6058091286307054,9,9,19
1,1,0,0,0,0,3,141,4,0.5035714285714286,0.0,0.0,141.0,9,8,18
7,1,1,0,0,0,4,184,6,0.5492537313432836,0.0,0.0,184.0,9,9,19
6,0,0,4,0,0,2,154,8,0.4935897435897436,0.4,0.0,0.6390041493775933,9,9,19
6,0,0,8,0,2,3,323,7,0.7242152466367713,0.8,0.2222222222222222,0.6715176715176715,8,9,18
5,0,0,3,0,0,1,149,3,0.5379061371841155,0.3,0.0,0.8232044198895028,9,8,18
2,0,0,0,0,0,2,162,7,0.6183206106870229,0.0,0.0,162.0,9,7,17
6,0,0,6,0,0,1,108,4,0.47577092511013214,0.6,0.0,0.29916897506925205,11,8,20
4,0,0,1,1,0,2,155,6,0.49050632911392406,0.1,0.0,2.540983606557377,9,9,19
6,0,0,3,0,0,1,87,3,0.41232227488151657,0.3,0.0,0.48066298342541436,10,7,18
3,0,0,2,0,2,2,166,5,0.5992779783393501,0.2,0.6666666666666666,1.371900826446281,9,9,19
3,0,1,0,0,0,0,0,0,0.0,0.0,0.0,0.0,0,0,0
5,0,0,3,0,0,3,271,8,0.6948717948717948,0.3,0.0,1.4972375690607735,8,8,17
2,0,0,3,0,3,2,133,4,0.5450819672131147,0.3,0.75,0.7348066298342542,9,8,18
2,0,0,1,0,1,2,160,6,0.5653710247349824,0.1,0.5,2.622950819672131,9,8,18
6,0,0,2,1,0,2,189,7,0.6019108280254777,0.2,0.0,1.56198347107438,11,9,21
4,0,0,4,0,0,3,314,6,0.7040358744394619,0.4,0.0,1.3029045643153527,7,9,17
3,0,0,4,0,0,1,85,1,0.49707602339181284,0.4,0.0,0.35269709543568467,9,7,17
5,0,0,3,1,1,1,103,4,0.5124378109452736,0.3,0.25,0.569060773480663,9,8,18
2,0,0,1,0,1,1,152,6,0.5757575757575758,0.1,0.5,2.4918032786885247,9,9,19
2,0,0,4,1,1,2,131,2,0.4763636363636364,0.4,0.2,0.5435684647302904,9,8,18
3,0,0,4,1,4,2,183,9,0.6,0.4,0.8,0.7593360995850622,9,8,18
6,0,0,3,1,0,2,212,5,0.660436137071651,0.3,0.0,1.171270718232044,10,9,20
3,0,0,7,0,1,3,183,7,0.6267123287671232,0.7,0.125,0.4346793349168646,8,7,16
6,0,0,1,0,1,1,124,5,0.5145228215767634,0.1,0.5,2.0327868852459017,9,7,17
3,0,0,2,0,0,1,84,3,0.4019138755980861,0.2,0.0,0.6942148760330579,10,7,18
4,0,0,3,0,2,3,200,7,0.6309148264984227,0.3,0.5,1.1049723756906078,8,8,17
2,0,0,3,0,0,3,148,5,0.5441176470588235,0.3,0.0,0.8176795580110497,10,8,19
5,0,0,3,0,2,2,181,7,0.565625,0.3,0.5,1.0,9,8,18
1,1,0,0,0,0,0,0,0,0.0,0.0,0.0,0.0,0,0,0
5,0,1,0,0,0,0,0,0,0.0,0.0,0.0,0.0,0,0,0
6,0,0,3,0,0,1,122,6,0.5495495495495496,0.3,0.0,0.6740331491712708,10,8,19
5,0,0,8,0,1,1,122,4,0.5622119815668203,0.8,0.1111111111111111,0.25363825363825365,9,7,17
2,0,0,7,0,0,4,245,6,0.7101449275362319,0.7,0.0,0.5819477434679335,8,7,16
6,0,0,4,0,0,2,127,3,0.522633744855967,0.4,0.0,0.5269709543568465,10,8,19
5,0,0,4,0,1,1,106,2,0.5221674876847291,0.4,0.2,0.43983402489626555,9,7,17
3,0,0,4,0,0,2,133,7,0.5588235294117647,0.4,0.0,0.5518672199170125,10,8,19
1,1,0,0,0,0,1,129,4,0.5308641975308642,0.0,0.0,129.0,9,7,17
7,1,0,0,0,0,0,0,0,0.0,0.0,0.0,0.0,0,0,0
3,0,0,0,0,0,2,110,7,0.48672566371681414,0.0,0.0,110.0,9,7,17
5,0,0,5,0,3,2,131,4,0.447098976109215,0.5,0.5,0.43521594684385384,9,9,19
4,0,0,4,0,0,1,98,4,0.4558139534883721,0.4,0.0,0.4066390041493776,9,8,18
5,0,0,4,0,3,3,165,3,0.5536912751677853,0.4,0.6,0.6846473029045643,9,8,18
4,0,0,4,0,0,4,255,7,0.7183098591549296,0.4,0.0,1.058091286307054,7,8,16
6,0,0,3,0,0,1,145,4,0.47854785478547857,0.3,0.0,0.8011049723756906,10,9,20
5,0,0,0,0,0,2,179,6,0.6485507246376812,0.0,0.0,179.0,9,8,18
4,0,0,3,0,0,2,170,4,0.5198776758409785,0.3,0.0,0.9392265193370166,10,9,20
7,1,0,0,0,0,1,133,3,0.47330960854092524,0.0,0.0,133.0,10,9,20
5,0,0,5,0,1,3,286,9,0.7096774193548387,0.5,0.16666666666666666,0.9501661129568106,7,9,17
4,0,0,2,0,0,4,210,4,0.5932203389830508,0.2,0.0,1.7355371900826446,10,9,20
3,0,0,6,0,0,1,130,4,0.5416666666666666,0.6,0.0,0.3601108033240997,9,7,17
1,1,0,0,0,0,0,0,0,0.0,0.0,0.0,0.0,0,0,0
6,0,0,1,0,0,2,128,3,0.5140562248995983,0.1,0.0,2.098360655737705,10,8,19
5,0,0,2,0,0,2,233,5,0.649025069637883,0.2,0.0,1.9256198347107438,7,7,15
5,0,0,4,0,0,2,241,5,0.6639118457300276,0.4,0.0,1.0,8,8,17
3,0,0,1,1,2,1,102,4,0.49038461538461536,0.1,1.0,1.6721311475409837,9,7,17
2,0,0,3,0,0,2,168,5,0.5753424657534246,0.3,0.0,0.9281767955801105,10,8,19
5,0,1,0,0,0,2,200,5,0.5899705014749262,0.0,0.0,200.0,9,9,19
2,0,0,7,0,0,3,210,6,0.65625,0.7,0.0,0.498812351543943,8,8,17
2,0,0,4,0,2,4,215,5,0.5748663101604278,0.4,0.4,0.8921161825726142,9,9,19
3,0,0,2,0,0,1,142,3,0.5819672131147541,0.2,0.0,1.1735537190082646,9,7,17
4,0,0,4,0,3,3,212,5,0.6309523809523809,0.4,0.6,0.8796680497925311,9,9,19
4,0,0,5,0,1,2,189,6,0.5478260869565217,0.5,0.16666666666666666,0.627906976744186,9,9,19
3,0,0,4,0,0,2,135,5,0.52734375,0.4,0.0,0.5601659751037344,9,7,17
6,0,0,2,0,0,2,167,7,0.6162361623616236,0.2,0.0,1.3801652892561984,10,8,19
7,1,0,0,0,0,0,0,0,0.0,0.0,0.0,0.0,0,0,0
3,0,0,2,0,0,1,104,4,0.4262295081967213,0.2,0.0,0.859504132231405,9,8,18
2,0,0,4,0,0,2,128,3,0.5714285714285714,0.4,0.0,0.5311203319502075,10,7,18
3,0,0,5,0,0,3,237,6,0.6713881019830028,0.5,0.0,0.7873754152823921,8,8,17
3,0,0,2,0,2,1,134,2,0.5254901960784314,0.2,0.6666666666666666,1.1074380165289257,9,7,17
2,0,0,2,0,1,3,188,5,0.6416382252559727,0.2,0.3333333333333333,1.5537190082644627,9,8,18
5,0,0,5,0,3,4,277,8,0.6579572446555819,0.5,0.5,0.920265780730897,7,8,16
5,0,0,1,0,2,2,147,10,0.592741935483871,0.1,1.0,2.4098360655737703,9,8,18
4,0,0,0,0,1,1,88,2,0.47058823529411764,0.0,1.0,88.0,9,7,17
2,0,0,4,0,3,6,314,9,0.6624472573839663,0.4,0.6,1.3029045643153527,8,9,18
6,0,0,8,0,3,2,192,5,0.6095238095238096,0.8,0.3333333333333333,0.3991683991683992,7,7,15
2,0,0,1,0,2,3,232,7,0.6137566137566137,0.1,1.0,3.80327868852459,8,9,18
2,0,0,1,1,0,2,159,5,0.5910780669144982,0.1,0.0,2.6065573770491803,9,9,19
2,0,0,3,0,2,3,248,10,0.6613333333333333,0.3,0.5,1.3701657458563536,8,8,17
3,0,1,0,0,0,3,256,7,0.6580976863753213,0.0,0.0,256.0,8,8,17
7,1,0,0,0,0,1,139,4,0.5840336134453782,0.0,0.0,139.0,10,8,19
5,0,0,1,1,0,2,120,6,0.4743083003952569,0.1,0.0,1.9672131147540983,10,8,19
2,0,0,0,0,0,1,140,4,0.5761316872427984,0.0,0.0,140.0,10,8,19
3,0,0,2,0,0,2,140,3,0.5833333333333334,0.2,0.0,1.1570247933884297,9,8,18
5,0,0,3,0,0,2,123,3,0.5565610859728507,0.3,0.0,0.6795580110497238,10,8,19
4,0,0,1,0,3,4,221,6,0.6656626506024096,0.1,1.5,3.622950819672131,8,8,17
2,0,0,6,1,2,1,101,4,0.4297872340425532,0.6,0.2857142857142857,0.27977839335180055,9,8,18
3,0,0,3,1,0,2,131,5,0.5481171548117155,0.3,0.0,0.7237569060773481,9,7,17
5,0,0,4,0,1,2,152,4,0.5671641791044776,0.4,0.2,0.6307053941908713,9,8,18
7,1,0,0,0,0,1,107,3,0.4495798319327731,0.0,0.0,107.0,9,8,18
1,1,0,0,0,0,2,126,5,0.5779816513761468,0.0,0.0,126.0,11,7,19
3,0,0,2,0,2,1,142,4,0.6200873362445415,0.2,0.6666666666666666,1.1735537190082646,9,7,17
2,0,0,3,0,0,2,179,5,0.5628930817610063,0.3,0.0,0.988950276243094,10,8,19
6,0,0,2,0,2,4,255,7,0.7183098591549296,0.2,0.6666666666666666,2.1074380165289255,8,8,17
2,0,0,3,0,1,1,127,2,0.5474137931034483,0.3,0.25,0.7016574585635359,9,8,18
1,1,0,0,0,0,1,128,6,0.512,0.0,0.0,128.0,9,8,18
2,0,0,2,0,0,2,204,6,0.6163141993957704,0.2,0.0,1.6859504132231404,10,9,20
6,0,0,5,0,2,3,312,8,0.6842105263157895,0.5,0.3333333333333333,1.0365448504983388,8,9,18
6,0,0,5,1,3,2,252,6,0.6847826086956522,0.5,0.5,0.8372093023255814,7,8,16
6,0,0,7,0,1,3,227,8,0.6579710144927536,0.7,0.125,0.5391923990498813,8,9,18
2,0,0,3,1,0,3,165,5,0.6226415094339622,0.3,0.0,0.9116022099447514,11,8,20
4,0,0,2,0,1,1,113,2,0.4977973568281938,0.2,0.3333333333333333,0.9338842975206612,9,7,17
4,0,0,8,1,0,3,270,7,0.6683168316831684,0.8,0.0,0.5613305613305614,7,9,17
5,0,0,3,0,0,3,171,5,0.6107142857142858,0.3,0.0,0.9447513812154696,10,8,19
3,0,0,4,1,2,2,139,4,0.6096491228070176,0.4,0.4,0.5767634854771784,9,7,17
3,0,0,3,1,0,3,189,4,0.6237623762376238,0.3,0.0,1.0441988950276244,9,8,18
6,0,0,6,0,0,1,99,6,0.5051020408163265,0.6,0.0,0.2742382271468144,9,8,18
3,0,0,5,0,1,4,251,7,0.6914600550964187,0.5,0.16666666666666666,0.8338870431893688,8,9,18
4,0,0,4,0,0,2,139,4,0.5148148148148148,0.4,0.0,0.5767634854771784,9,8,18
5,0,0,4,1,0,2,179,5,0.5718849840255591,0.4,0.0,0.7427385892116183,10,8,19
2,0,0,3,0,0,1,162,5,0.5704225352112676,0.3,0.0,0.8950276243093923,10,9,20
4,0,0,3,0,1,3,241,6,0.6769662921348315,0.3,0.25,1.3314917127071824,8,8,17
1,1,0,0,0,0,0,0,0,0.0,0.0,0.0,0.0,0,0,0
4,0,0,8,0,1,3,303,7,0.7079439252336449,0.8,0.1111111111111111,0.6299376299376299,8,9,18
5,0,0,5,0,0,4,297,7,0.6923076923076923,0.5,0.0,0.9867109634551495,7,9,17
4,0,0,3,0,2,2,135,4,0.5378486055776892,0.3,0.5,0.7458563535911602,9,8,18
2,0,0,3,0,0,1,110,4,0.47619047619047616,0.3,0.0,0.6077348066298343,10,8,19
4,0,0,4,0,2,2,187,9,0.656140350877193,0.4,0.4,0.7759336099585062,9,8,18
3,0,1,0,0,0,0,0,0,0.0,0.0,0.0,0.0,0,0,0
5,0,0,6,0,0,3,151,4,0.601593625498008,0.6,0.0,0.4182825484764543,10,8,19
4,0,0,6,0,0,2,229,5,0.6795252225519288,0.6,0.0,0.6343490304709142,8,8,17
3,0,0,0,0,1,3,180,5,0.6040268456375839,0.0,1.0,180.0,9,8,18
3,0,0,0,0,1,3,196,8,0.6282051282051282,0.0,1.0,196.0,9,9,19
7,1,0,0,0,0,0,0,0,0.0,0.0,0.0,0.0,0,0,0
5,0,0,3,0,2,3,257,6,0.6539440203562341,0.3,0.5,1.419889502762431,8,9,18
2,0,0,3,1,0,4,275,7,0.6410256410256411,0.3,0.0,1.5193370165745856,7,9,17
7,1,0,0,0,0,0,0,0,0.0,0.0,0.0,0.0,0,0,0
2,0,0,4,0,0,2,167,5,0.6278195488721805,0.4,0.0,0.6929460580912863,10,8,19
6,0,0,2,0,0,1,117,4,0.5763546798029556,0.2,0.0,0.9669421487603306,11,7,19
4,0,0,5,0,1,2,119,2,0.4897119341563786,0.5,0.16666666666666666,0.3953488372093023,9,8,18
6,0,0,7,1,1,2,244,6,0.6576819407008087,0.7,0.125,0.5795724465558195,7,8,16
2,0,0,6,0,0,1,151,4,0.6371308016877637,0.6,0.0,0.4182825484764543,9,7,17
2,0,0,1,0,2,2,160,7,0.6015037593984962,0.1,1.0,2.622950819672131,9,8,18
2,0,0,3,0,0,4,248,8,0.6648793565683646,0.3,0.0,1.3701657458563536,8,8,17
4,0,0,1,0,1,1,133,4,0.4889705882352941,0.1,0.5,2.180327868852459,9,8,18
5,0,0,3,0,1,2,109,3,0.5165876777251185,0.3,0.25,0.6022099447513812,9,8,18
1,1,0,0,0,0,0,0,0,0.0,0.0,0.0,0.0,0,0,0
3,0,0,3,0,0,3,155,5,0.5938697318007663,0.3,0.0,0.856353591160221,9,8,18
6,0,0,3,0,2,1,116,5,0.46963562753036436,0.3,0.5,0.6408839779005525,9,8,18
1,1,0,0,0,0,0,0,0,0.0,0.0,0.0,0.0,0,0,0
1,1,0,0,0,0,1,100,5,0.4608294930875576,0.0,0.0,100.0,9,8,18
3,0,0,2,0,0,2,181,5,0.5323529411764706,0.2,0.0,1.4958677685950412,9,9,19
3,0,0,6,0,0,1,102,6,0.45132743362831856,0.6,0.0,0.28254847645429365,10,8,19
6,0,0,2,0,2,3,177,7,0.6254416961130742,0.2,0.6666666666666666,1.462809917355372,9,8,18
2,0,0,1,0,0,2,175,5,0.6227758007117438,0.1,0.0,2.8688524590163933,9,8,18
1,1,0,0,0,0,0,0,0,0.0,0.0,0.0,0.0,0,0,0
5,0,0,4,0,0,1,119,4,0.4594594594594595,0.4,0.0,0.49377593360995853,9,8,18
3,0,0,5,0,0,2,190,8,0.6031746031746031,0.5,0.0,0.6312292358803987,10,8,19
5,0,0,4,1,2,2,202,5,0.6666666666666666,0.4,0.4,0.8381742738589212,7,8,16
5,0,0,4,1,0,2,187,7,0.6171617161716172,0.4,0.0,0.7759336099585062,10,8,19
2,0,0,4,0,0,1,158,3,0.5231788079470199,0.4,0.0,0.6556016597510373,10,8,19
2,0,0,4,0,1,1,98,7,0.460093896713615,0.4,0.2,0.4066390041493776,9,8,18
6,0,0,3,0,1,2,259,7,0.6943699731903485,0.3,0.25,1.430939226519337,7,8,16
2,0,0,2,0,0,1,102,2,0.4788732394366197,0.2,0.0,0.8429752066115702,11,8,20
2,0,0,4,0,0,2,179,4,0.608843537414966,0.4,0.0,0.7427385892116183,9,8,18
5,0,0,4,0,0,1,103,2,0.4858490566037736,0.4,0.0,0.42738589211618255,9,8,18
6,0,0,5,0,1,2,129,5,0.542016806722689,0.5,0.16666666666666666,0.42857142857142855,9,8,18
5,0,1,0,0,0,3,158,4,0.6245059288537549,0.0,0.0,158.0,9,7,17
6,0,1,0,0,0,3,191,7,0.6586206896551724,0.0,0.0,191.0,10,8,19
3,0,0,4,0,2,3,206,5,0.5885714285714285,0.4,0.4,0.8547717842323651,8,8,17
2,0,0,5,0,1,2,163,6,0.5379537953795379,0.5,0.16666666666666666,0.5415282392026578,9,8,18
2,0,0,4,1,0,1,92,4,0.5111111111111111,0.4,0.0,0.3817427385892116,9,7,17
6,0,0,2,0,0,2,131,4,0.5413223140495868,0.2,0.0,1.0826446280991735,9,8,18
7,1,0,0,0,0,0,0,0,0.0,0.0,0.0,0.0,0,0,0
3,0,0,6,0,0,3,160,6,0.6083650190114068,0.6,0.0,0.44321329639889195,9,8,18
3,0,0,3,0,2,1,124,6,0.5254237288135594,0.3,0.5,0.6850828729281768,9,7,17
2,0,0,2,0,0,2,137,3,0.5708333333333333,0.2,0.0,1.1322314049586777,10,8,19
7,1,0,0,0,0,2,141,7,0.49823321554770317,0.0,0.0,141.0,9,8,18
5,0,0,5,0,2,1,107,2,0.5297029702970297,0.5,0.3333333333333333,0.3554817275747508,9,7,17
4,0,0,4,0,1,3,184,7,0.6301369863013698,0.4,0.2,0.7634854771784232,9,8,18
7,1,0,0,0,0,3,237,8,0.6790830945558739,0.0,0.0,237.0,8,7,16
5,0,0,5,0,0,2,133,3,0.5683760683760684,0.5,0.0,0.4418604651162791,9,7,17
5,0,0,2,1,0,2,130,7,0.5220883534136547,0.2,0.0,1.0743801652892562,10,8,19
4,0,0,3,0,0,2,108,5,0.4576271186440678,0.3,0.0,0.5966850828729282,11,8,20
2,0,0,3,0,1,2,173,5,0.5527156549520766,0.3,0.25,0.9558011049723757,9,8,18
4,0,0,1,0,2,3,187,8,0.5789473684210527,0.1,1.0,3.0655737704918034,9,8,18
6,0,0,5,0,0,3,247,10,0.6465968586387435,0.5,0.0,0.8205980066445183,8,8,17
5,0,0,7,0,3,3,264,7,0.6583541147132169,0.7,0.375,0.6270783847980997,8,8,17
4,0,0,3,0,2,1,135,3,0.5,0.3,0.5,0.7458563535911602,9,8,18
4,0,0,4,0,1,1,98,2,0.4558139534883721,0.4,0.2,0.4066390041493776,9,7,17
3,0,0,1,1,1,2,112,5,0.4890829694323144,0.1,0.5,1.8360655737704918,9,8,18
6,0,0,3,1,0,2,144,4,0.5877551020408164,0.3,0.0,0.7955801104972375,10,8,19
6,0,0,5,0,1,3,194,6,0.6402640264026402,0.5,0.16666666666666666,0.6445182724252492,8,7,16
7,1,0,0,0,0,0,0,0,0.0,0.0,0.0,0.0,0,0,0
6,0,0,5,1,0,3,203,6,0.6132930513595166,0.5,0.0,0.6744186046511628,11,9,21
2,0,0,2,0,0,1,142,5,0.5378787878787878,0.2,0.0,1.1735537190082646,10,8,19
6,0,0,5,0,0,1,121,5,0.4898785425101215,0.5,0.0,0.4019933554817276,10,7,18
2,0,1,0,0,0,0,0,0,0.0,0.0,0.0,0.0,0,0,0
2,0,0,8,0,0,4,248,7,0.6666666666666666,0.8,0.0,0.5155925155925156,8,7,16
4,0,0,8,0,1,3,256,7,0.6900269541778976,0.8,0.1111111111111111,0.5322245322245323,8,8,17
3,0,0,2,0,0,2,195,4,0.5701754385964912,0.2,0.0,1.6115702479338843,9,9,19
1,1,0,0,0,0,0,0,0,0.0,0.0,0.0,0.0,0,0,0
3,0,0,4,0,1,2,195,9,0.6270096463022508,0.4,0.2,0.8091286307053942,8,8,17
6,0,0,3,0,1,1,106,7,0.4608695652173913,0.3,0.25,0.585635359116022,9,8,18
3,0,0,4,0,0,2,140,5,0.5645161290322581,0.4,0.0,0.5809128630705395,9,8,18
3,0,0,7,1,3,3,204,4,0.6181818181818182,0.7,0.375,0.4845605700712589,8,8,17
3,0,0,1,1,1,2,189,5,0.5709969788519638,0.1,0.5,3.098360655737705,9,8,18
6,0,0,7,0,0,2,205,7,0.6386292834890965,0.7,0.0,0.48693586698337293,7,8,16
3,0,0,1,1,2,2,207,6,0.6509433962264151,0.1,1.0,3.3934426229508197,8,8,17
2,0,1,0,0,0,1,140,7,0.5185185185185185,0.0,0.0,140.0,11,8,20
6,0,0,8,0,0,2,200,6,0.6600660066006601,0.8,0.0,0.4158004158004158,8,7,16
2,0,0,5,0,1,3,173,3,0.5864406779661017,0.5,0.16666666666666666,0.574750830564784,8,7,16
2,0,0,2,1,0,1,104,7,0.5024154589371981,0.2,0.0,0.859504132231405,10,8,19
4,0,0,5,0,0,2,116,3,0.4566929133858268,0.5,0.0,0.3853820598006645,10,8,19
6,0,0,4,0,2,3,206,7,0.6299694189602446,0.4,0.4,0.8547717842323651,8,8,17
5,0,0,5,0,1,1,120,3,0.5172413793103449,0.5,0.16666666666666666,0.39867109634551495,9,7,17
2,0,0,4,0,0,1,104,4,0.42105263157894735,0.4,0.0,0.4315352697095436,10,8,19
7,1,0,0,0,0,0,0,0,0.0,0.0,0.0,0.0,0,0,0
4,0,0,2,0,1,1,128,2,0.46886446886446886,0.2,0.3333333333333333,1.0578512396694215,9,9,19
3,0,0,5,0,0,3,179,3,0.5375375375375375,0.5,0.0,0.5946843853820598,9,9,19
6,0,0,4,0,0,2,161,3,0.543918918918919,0.4,0.0,0.6680497925311203,11,8,20
2,0,0,3,0,0,3,158,4,0.6147859922178989,0.3,0.0,0.8729281767955801,9,8,18
1,1,0,0,0,0,0,0,0,0.0,0.0,0.0,0.0,0,0,0
6,0,0,6,0,0,2,186,7,0.5961538461538461,0.6,0.0,0.5152354570637119,10,8,19
4,0,0,2,0,0,3,147,6,0.55893536121673,0.2,0.0,1.2148760330578512,10,8,19
2,0,0,4,0,1,3,214,7,0.654434250764526,0.4,0.2,0.8879668049792531,7,8,16
3,0,0,4,0,0,2,176,4,0.5827814569536424,0.4,0.0,0.7302904564315352,9,8,18
5,0,0,6,0,1,2,155,3,0.5615942028985508,0.6,0.14285714285714285,0.4293628808864266,9,8,18
6,0,0,2,0,2,2,190,6,0.5900621118012422,0.2,0.6666666666666666,1.5702479338842976,9,8,18
2,0,0,2,0,0,2,155,4,0.5805243445692884,0.2,0.0,1.28099173553719,9,8,18
3,0,0,5,0,2,1,108,4,0.43548387096774194,0.5,0.3333333333333333,0.3588039867109635,9,9,19
6,0,0,7,1,0,1,99,4,0.4520547945205479,0.7,0.0,0.23515439429928742,11,8,20
6,0,0,6,0,2,3,176,4,0.5886287625418061,0.6,0.2857142857142857,0.48753462603878117,8,7,16
5,0,0,5,0,0,3,187,7,0.62751677852349,0.5,0.0,0.6212624584717608,10,8,19
5,0,0,2,0,4,3,174,4,0.5723684210526315,0.2,1.3333333333333333,1.43801652892562,9,8,18
3,0,0,7,0,1,3,175,5,0.6097560975609756,0.7,0.125,0.4156769596199525,9,8,18
2,0,0,1,0,0,1,126,6,0.5228215767634855,0.1,0.0,2.0655737704918034,11,9,21
4,0,0,6,0,3,5,237,8,0.6869565217391305,0.6,0.42857142857142855,0.6565096952908587,7,8,16
2,0,0,2,1,0,2,153,8,0.5687732342007435,0.2,0.0,1.2644628099173554,10,8,19
3,0,0,4,1,0,1,155,5,0.610236220472441,0.4,0.0,0.6431535269709544,11,7,19
3,0,0,4,0,1,1,117,3,0.46613545816733065,0.4,0.2,0.4854771784232365,9,8,18
6,0,0,3,1,2,3,226,8,0.6827794561933535,0.3,0.5,1.2486187845303867,8,7,16
2,0,1,0,0,0,3,185,4,0.622895622895623,0.0,0.0,185.0,9,8,18
5,0,0,0,0,0,2,154,5,0.5441696113074205,0.0,0.0,154.0,9,8,18
2,0,0,3,0,0,3,251,5,0.6419437340153452,0.3,0.0,1.3867403314917126,8,8,17
6,0,0,4,0,0,5,284,9,0.6943765281173594,0.4,0.0,1.1784232365145229,8,8,17
7,1,0,0,0,0,0,0,0,0.0,0.0,0.0,0.0,0,0,0
2,0,0,5,0,0,1,101,6,0.45701357466063347,0.5,0.0,0.33554817275747506,9,8,18
6,0,0,4,0,0,3,256,7,0.6684073107049608,0.4,0.0,1.062240663900415,8,9,18
6,0,0,4,0,1,3,230,9,0.6744868035190615,0.4,0.2,0.9543568464730291,8,8,17
6,0,0,1,0,1,1,114,3,0.5,0.1,0.5,1.8688524590163935,9,8,18
3,0,0,7,0,0,1,126,3,0.5101214574898786,0.7,0.0,0.2992874109263658,9,7,17
6,0,0,4,0,0,1,158,3,0.6030534351145038,0.4,0.0,0.6556016597510373,10,8,19
7,1,0,0,0,0,2,159,7,0.5,0.0,0.0,159.0,10,9,20
5,0,0,5,0,1,2,156,6,0.5954198473282443,0.5,0.16666666666666666,0.5182724252491694,9,8,18
5,0,0,8,0,1,3,192,6,0.6808510638297872,0.8,0.1111111111111111,0.3991683991683992,8,7,16
4,0,0,3,0,1,3,226,7,0.601063829787234,0.3,0.25,1.2486187845303867,8,9,18
3,0,0,3,0,1,3,250,7,0.6476683937823834,0.3,0.25,1.3812154696132597,8,8,17
6,0,0,1,0,0,2,158,5,0.5486111111111112,0.1,0.0,2.5901639344262297,9,8,18
5,0,0,2,0,1,5,260,7,0.6878306878306878,0.2,0.3333333333333333,2.1487603305785123,8,8,17
4,0,0,4,0,0,1,126,4,0.5575221238938053,0.4,0.0,0.5228215767634855,9,8,18
3,0,0,4,0,0,2,202,5,0.6601307189542484,0.4,0.0,0.8381742738589212,8,8,17
5,0,0,3,0,0,3,210,6,0.6542056074766355,0.3,0.0,1.160220994475138,9,9,19
3,0,0,2,0,0,1,107,2,0.5169082125603864,0.2,0.0,0.8842975206611571,9,7,17
6,0,0,3,0,0,2,155,5,0.5719557195571956,0.3,0.0,0.856353591160221,10,7,18
6,0,0,3,0,0,2,139,4,0.5091575091575091,0.3,0.0,0.7679558011049724,9,8,18
6,0,0,3,1,0,1,143,7,0.5742971887550201,0.3,0.0,0.7900552486187845,9,8,18
3,0,0,7,1,0,3,283,9,0.7092731829573935,0.7,0.0,0.672209026128266,7,8,16
3,0,0,5,0,0,2,177,5,0.560126582278481,0.5,0.0,0.5880398671096345,9,9,19
3,0,0,5,0,0,1,106,2,0.4840182648401826,0.5,0.0,0.3521594684385382,10,8,19
4,0,0,8,1,1,6,308,9,0.6921348314606741,0.8,0.1111111111111111,0.6403326403326404,8,9,18
5,0,0,1,0,3,1,108,5,0.5595854922279793,0.1,1.5,1.7704918032786885,9,7,17
6,0,0,7,0,1,3,200,5,0.6944444444444444,0.7,0.125,0.4750593824228028,8,7,16
2,0,0,7,0,0,1,104,3,0.45021645021645024,0.7,0.0,0.24703087885985747,10,8,19
3,0,0,3,0,0,3,173,5,0.6091549295774648,0.3,0.0,0.9558011049723757,11,8,20
4,0,0,2,0,1,3,170,8,0.5862068965517241,0.2,0.3333333333333333,1.4049586776859504,9,8,18
2,0,0,5,0,0,3,179,7,0.5946843853820598,0.5,0.0,0.5946843853820598,10,8,19
4,0,0,2,0,0,2,168,3,0.6292134831460674,0.2,0.0,1.3884297520661157,10,8,19
3,0,0,4,1,2,1,104,3,0.5123152709359606,0.4,0.4,0.4315352697095436,9,8,18
3,0,0,8,1,0,4,280,9,0.687960687960688,0.8,0.0,0.5821205821205822,8,8,17
4,0,0,5,1,3,2,226,8,0.6438746438746439,0.5,0.5,0.7508305647840532,8,8,17
1,1,0,0,0,0,0,0,0,0.0,0.0,0.0,0.0,0,0,0
2,0,0,8,0,0,2,134,2,0.5134099616858238,0.8,0.0,0.2785862785862786,9,9,19
4,0,0,4,0,0,2,191,6,0.6141479099678456,0.4,0.0,0.7925311203319502,10,8,19
5,0,0,6,0,0,1,96,3,0.463768115942029,0.6,0.0,0.2659279778393352,11,8,20
3,0,0,0,0,1,1,111,7,0.5260663507109005,0.0,1.0,111.0,9,8,18
3,0,0,3,0,0,2,177,5,0.5746753246753247,0.3,0.0,0.9779005524861878,9,9,19
6,0,0,1,0,0,1,124,2,0.5344827586206896,0.1,0.0,2.0327868852459017,10,7,18
4,0,0,6,1,0,2,152,7,0.5984251968503937,0.6,0.0,0.42105263157894735,10,8,19
2,0,0,1,0,1,2,115,4,0.4423076923076923,0.1,0.5,1.8852459016393444,9,9,19
5,0,0,1,0,2,2,129,5,0.5265306122448979,0.1,1.0,2.1147540983606556,9,8,18
2,0,0,1,0,1,3,172,4,0.546031746031746,0.1,0.5,2.819672131147541,9,8,18
2,0,0,4,1,0,1,128,5,0.5765765765765766,0.4,0.0,0.5311203319502075,10,7,18
2,0,0,1,0,2,1,94,3,0.4973544973544973,0.1,1.0,1.540983606557377,9,7,17
6,0,0,4,0,2,2,242,6,0.6914285714285714,0.4,0.4,1.004149377593361,8,8,17
3,0,0,2,0,0,2,195,5,0.5718475073313783,0.2,0.0,1.6115702479338843,10,9,20
2,0,0,3,0,0,2,157,3,0.5902255639097744,0.3,0.0,0.8674033149171271,11,7,19
5,0,0,1,1,2,1,124,5,0.543859649122807,0.1,1.0,2.0327868852459017,9,7,17
3,0,0,2,0,1,2,107,3,0.4314516129032258,0.2,0.3333333333333333,0.8842975206611571,9,8,18
5,0,0,1,0,1,1,96,7,0.4343891402714932,0.1,0.5,1.5737704918032787,9,8,18
7,1,0,0,0,0,0,0,0,0.0,0.0,0.0,0.0,0,0,0
5,0,0,8,0,2,3,172,3,0.6099290780141844,0.8,0.2222222222222222,0.3575883575883576,7,7,15
4,0,0,0,0,0,2,208,5,0.6459627329192547,0.0,0.0,208.0,7,7,15
4,0,0,2,1,4,1,125,3,0.5230125523012552,0.2,1.3333333333333333,1.0330578512396693,9,8,18
5,0,0,3,0,1,2,160,6,0.5555555555555556,0.3,0.25,0.8839779005524862,9,8,18
3,0,0,3,0,0,4,320,8,0.6736842105263158,0.3,0.0,1.7679558011049723,7,9,17
6,0,0,6,0,0,3,269,6,0.6708229426433915,0.6,0.0,0.7451523545706371,7,8,16
5,0,0,1,0,0,2,178,6,0.5855263157894737,0.1,0.0,2.918032786885246,9,8,18
3,0,0,5,0,1,4,277,7,0.6707021791767555,0.5,0.16666666666666666,0.920265780730897,8,8,17
1,1,0,0,0,0,0,0,0,0.0,0.0,0.0,0.0,0,0,0
1,1,0,0,0,0,0,0,0,0.0,0.0,0.0,0.0,0,0,0
5,0,0,3,0,1,2,207,6,0.6142433234421365,0.3,0.25,1.143646408839779,8,8,17
4,0,0,6,0,1,1,133,4,0.540650406504065,0.6,0.14285714285714285,0.3684210526315789,9,9,19
2,0,0,3,0,0,2,153,3,0.5708955223880597,0.3,0.0,0.8453038674033149,10,9,20
6,0,0,7,0,1,3,219,8,0.6460176991150443,0.7,0.125,0.5201900237529691,8,7,16
3,0,0,6,0,1,2,128,6,0.5245901639344263,0.6,0.14285714285714285,0.3545706371191136,9,8,18
2,0,0,4,0,1,1,116,3,0.5742574257425742,0.4,0.2,0.48132780082987553,9,7,17
5,0,0,3,1,0,1,101,3,0.4786729857819905,0.3,0.0,0.5580110497237569,9,7,17
3,0,0,2,0,0,2,144,9,0.5373134328358209,0.2,0.0,1.1900826446280992,10,8,19
6,0,0,5,0,1,3,184,5,0.5714285714285714,0.5,0.16666666666666666,0.6112956810631229,9,8,18
3,0,0,3,0,3,4,225,7,0.6232686980609419,0.3,0.75,1.2430939226519337,7,8,16
4,0,0,3,0,0,1,140,7,0.56,0.3,0.0,0.7734806629834254,10,8,19
5,0,0,4,0,0,2,160,6,0.6153846153846154,0.4,0.0,0.6639004149377593,10,8,19
3,0,0,3,0,0,3,258,6,0.6466165413533834,0.3,0.0,1.425414364640884,7,8,16
5,0,0,3,0,0,2,184,5,0.6174496644295302,0.3,0.0,1.0165745856353592,10,8,19
2,0,0,4,0,0,1,96,3,0.5245901639344263,0.4,0.0,0.3983402489626556,10,7,18
5,0,1,0,0,0,0,0,0,0.0,0.0,0.0,0.0,0,0,0
2,0,0,3,1,0,1,150,6,0.5226480836236934,0.3,0.0,0.8287292817679558,10,8,19
5,0,0,3,0,3,1,134,5,0.5193798449612403,0.3,0.75,0.7403314917127072,9,8,18
7,1,0,0,0,0,2,114,5,0.46530612244897956,0.0,0.0,114.0,9,9,19
6,0,1,0,0,0,1,113,5,0.49130434782608695,0.0,0.0,113.0,9,8,18
2,0,0,0,1,0,1,98,4,0.4066390041493776,0.0,0.0,98.0,10,8,19
6,0,0,4,1,0,3,243,8,0.6567567567567567,0.4,0.0,1.008298755186722,8,8,17
6,0,0,3,1,0,2,207,7,0.6571428571428571,0.3,0.0,1.143646408839779,8,7,16
3,0,0,4,1,0,2,106,4,0.5145631067961165,0.4,0.0,0.43983402489626555,9,8,18
2,0,0,2,0,3,2,166,3,0.608058608058608,0.2,1.0,1.371900826446281,9,7,17
2,0,0,3,0,0,1,85,4,0.4521276595744681,0.3,0.0,0.4696132596685083,11,7,19
3,0,0,2,0,0,1,130,5,0.4868913857677903,0.2,0.0,1.0743801652892562,11,8,20
4,0,0,2,0,1,2,116,4,0.4461538461538462,0.2,0.3333333333333333,0.9586776859504132,9,8,18
3,0,0,4,1,3,2,140,5,0.48109965635738833,0.4,0.6,0.5809128630705395,9,9,19
2,0,0,2,0,1,1,119,2,0.5021097046413502,0.2,0.3333333333333333,0.9834710743801653,9,9,19
2,0,0,3,0,0,2,167,4,0.6139705882352942,0.3,0.0,0.9226519337016574,10,7,18
4,0,1,0,0,0,0,0,0,0.0,0.0,0.0,0.0,0,0,0
2,0,0,5,0,0,6,282,7,0.7103274559193955,0.5,0.0,0.9368770764119602,8,9,18
4,0,0,3,0,5,2,231,8,0.648876404494382,0.3,1.25,1.276243093922652,8,7,16
3,0,0,6,0,1,2,189,6,0.6585365853658537,0.6,0.14285714285714285,0.5235457063711911,9,8,18
3,0,0,4,0,2,5,278,7,0.7393617021276596,0.4,0.4,1.1535269709543567,8,8,17
4,0,0,5,0,1,1,101,3,0.4279661016949153,0.5,0.16666666666666666,0.33554817275747506,9,8,18
5,0,0,5,0,1,4,267,9,0.6776649746192893,0.5,0.16666666666666666,0.8870431893687708,8,8,17
6,0,0,7,0,1,3,272,8,0.7101827676240209,0.7,0.125,0.6460807600950119,8,8,17
3,0,0,8,0,2,2,171,6,0.602112676056338,0.8,0.2222222222222222,0.35550935550935553,8,7,16
3,0,0,3,0,0,1,133,4,0.5428571428571428,0.3,0.0,0.7348066298342542,9,7,17
3,0,0,4,1,1,1,151,4,0.578544061302682,0.4,0.2,0.6265560165975104,9,7,17
2,0,0,3,0,2,2,227,7,0.583547557840617,0.3,0.5,1.2541436464088398,8,9,18
5,0,0,8,0,1,4,261,8,0.6624365482233503,0.8,0.1111111111111111,0.5426195426195426,8,8,17
7,1,0,0,0,0,0,0,0,0.0,0.0,0.0,0.0,0,0,0
5,0,0,1,1,1,4,202,8,0.592375366568915,0.1,0.5,3.3114754098360657,8,8,17
2,0,0,4,0,0,1,102,5,0.5074626865671642,0.4,0.0,0.42323651452282157,10,8,19
3,0,0,3,1,1,3,180,7,0.5555555555555556,0.3,0.25,0.994475138121547,9,8,18
5,0,0,3,0,1,4,224,5,0.6153846153846154,0.3,0.25,1.2375690607734806,8,9,18
5,0,0,4,0,0,1,133,7,0.5298804780876494,0.4,0.0,0.5518672199170125,9,9,19
3,0,0,4,0,1,2,156,6,0.5360824742268041,0.4,0.2,0.6473029045643154,9,8,18
2,0,0,2,0,0,2,141,3,0.5465116279069767,0.2,0.0,1.165289256198347,9,8,18
4,0,0,8,0,4,5,287,7,0.6705607476635514,0.8,0.4444444444444444,0.5966735966735967,7,9,17
2,0,0,3,0,1,1,134,3,0.5114503816793893,0.3,0.25,0.7403314917127072,9,8,18
6,0,0,0,0,0,1,127,3,0.596244131455399,0.0,0.0,127.0,9,7,17
3,0,0,1,0,2,2,166,3,0.5608108108108109,0.1,1.0,2.721311475409836,9,8,18
7,1,0,0,0,0,0,0,0,0.0,0.0,0.0,0.0,0,0,0
3,0,0,2,0,0,1,86,1,0.4365482233502538,0.2,0.0,0.7107438016528925,9,7,17
3,0,0,8,0,2,4,214,9,0.66875,0.8,0.2222222222222222,0.44490644490644493,8,8,17
4,0,0,5,0,1,4,185,7,0.6026058631921825,0.5,0.16666666666666666,0.6146179401993356,8,7,16
5,0,0,3,0,2,2,145,5,0.48013245033112584,0.3,0.5,0.8011049723756906,9,9,19
3,0,0,2,0,0,2,163,4,0.5469798657718121,0.2,0.0,1.3471074380165289,10,8,19
6,0,0,6,0,1,2,241,7,0.6925287356321839,0.6,0.14285714285714285,0.667590027700831,8,8,17
3,0,0,3,0,0,1,101,2,0.45495495495495497,0.3,0.0,0.5580110497237569,11,7,19
6,0,0,4,0,0,1,143,6,0.5088967971530249,0.4,0.0,0.5933609958506224,10,9,20
3,0,0,7,0,0,2,178,4,0.5798045602605864,0.7,0.0,0.42280285035629456,9,8,18
4,0,0,2,0,0,1,136,5,0.48056537102473496,0.2,0.0,1.1239669421487604,10,9,20
5,0,0,5,0,2,1,122,4,0.5495495495495496,0.5,0.3333333333333333,0.4053156146179402,9,8,18
6,0,0,8,0,0,3,192,4,0.6075949367088608,0.8,0.0,0.3991683991683992,8,8,17
1,1,0,0,0,0,0,0,0,0.0,0.0,0.0,0.0,0,0,0
6,0,0,7,1,1,3,220,5,0.6376811594202898,0.7,0.125,0.5225653206650831,8,7,16
2,0,0,5,0,2,3,233,10,0.6526610644257703,0.5,0.3333333333333333,0.7740863787375415,8,8,17
1,1,0,0,0,0,0,0,0,0.0,0.0,0.0,0.0,0,0,0
5,0,0,4,0,1,2,158,4,0.5047923322683706,0.4,0.2,0.6556016597510373,9,9,19
2,0,0,5,0,0,2,170,5,0.5964912280701754,0.5,0.0,0.5647840531561462,10,9,20
2,0,0,2,0,0,1,119,4,0.5833333333333334,0.2,0.0,0.9834710743801653,11,7,19
3,0,0,4,0,1,1,111,4,0.45867768595041325,0.4,0.2,0.4605809128630705,9,8,18
5,0,0,8,0,1,1,103,2,0.4975845410628019,0.8,0.1111111111111111,0.21413721413721415,9,8,18
7,1,0,0,0,0,0,0,0,0.0,0.0,0.0,0.0,0,0,0
6,0,1,0,0,0,4,196,6,0.6666666666666666,0.0,0.0,196.0,8,8,17
4,0,0,4,0,0,1,86,3,0.4777777777777778,0.4,0.0,0.35684647302904565,10,7,18
2,0,0,3,1,1,3,153,6,0.5523465703971119,0.3,0.25,0.8453038674033149,9,9,19
6,0,0,5,1,4,2,201,6,0.6655629139072847,0.5,0.6666666666666666,0.6677740863787376,8,7,16
4,0,0,5,1,0,2,204,9,0.56353591160221,0.5,0.0,0.6777408637873754,9,9,19
6,0,0,5,1,1,4,273,6,0.7054263565891473,0.5,0.16666666666666666,0.9069767441860465,8,8,17
2,0,0,2,1,0,2,118,5,0.4816326530612245,0.2,0.0,0.9752066115702479,10,8,19
6,0,0,2,0,1,1,144,3,0.5625,0.2,0.3333333333333333,1.1900826446280992,9,9,19
3,0,0,3,0,1,1,144,5,0.5017421602787456,0.3,0.25,0.7955801104972375,9,8,18
3,0,0,3,0,2,1,155,6,0.5984555984555985,0.3,0.5,0.856353591160221,9,7,17
4,0,0,7,0,1,3,283,8,0.7092731829573935,0.7,0.125,0.672209026128266,7,8,16
3,0,0,7,0,0,4,203,8,0.6485623003194888,0.7,0.0,0.4821852731591449,9,9,19
2,0,0,4,0,0,3,188,6,0.5838509316770186,0.4,0.0,0.7800829875518672,9,8,18
4,0,0,1,1,0,2,143,8,0.5860655737704918,0.1,0.0,2.3442622950819674,10,8,19
5,0,0,4,0,2,2,188,7,0.6025641025641025,0.4,0.4,0.7800829875518672,9,8,18
4,0,0,1,0,0,1,165,3,0.5574324324324325,0.1,0.0,2.7049180327868854,10,8,19
1,1,0,0,0,0,0,0,0,0.0,0.0,0.0,0.0,0,0,0
2,0,0,3,1,0,1,112,2,0.41947565543071164,0.3,0.0,0.6187845303867403,11,9,21
3,0,0,1,1,0,3,168,9,0.5915492957746479,0.1,0.0,2.7540983606557377,10,9,20
4,0,0,4,0,2,2,143,5,0.5088967971530249,0.4,0.4,0.5933609958506224,9,8,18
1,1,0,0,0,0,1,137,7,0.5805084745762712,0.0,0.0,137.0,9,7,17
6,0,0,6,0,1,3,198,7,0.6305732484076433,0.6,0.14285714285714285,0.5484764542936288,8,8,17
4,0,0,2,0,0,1,109,3,0.43253968253968256,0.2,0.0,0.9008264462809917,9,8,18
3,0,0,1,0,4,2,159,5,0.5353535353535354,0.1,2.0,2.6065573770491803,9,8,18
1,1,0,0,0,0,1,84,1,0.40384615384615385,0.0,0.0,84.0,9,7,17
2,0,0,1,1,1,2,143,7,0.5860655737704918,0.1,0.5,2.3442622950819674,9,8,18
5,0,0,2,0,1,3,234,7,0.7027027027027027,0.2,0.3333333333333333,1.9338842975206612,8,8,17
4,0,0,1,0,0,1,142,4,0.5378787878787878,0.1,0.0,2.3278688524590163,10,8,19
5,0,0,3,0,1,2,127,2,0.5358649789029536,0.3,0.25,0.7016574585635359,9,8,18
5,0,0,4,0,2,3,197,5,0.5811209439528023,0.4,0.4,0.8174273858921162,8,8,17
4,0,0,1,0,0,2,163,4,0.5905797101449275,0.1,0.0,2.6721311475409837,9,9,19
3,0,0,5,0,1,2,209,7,0.6634920634920635,0.5,0.16666666666666666,0.6943521594684385,8,7,16
6,0,0,3,1,0,2,118,2,0.4796747967479675,0.3,0.0,0.6519337016574586,11,8,20
7,1,0,0,0,0,0,0,0,0.0,0.0,0.0,0.0,0,0,0
7,1,0,0,0,0,4,274,12,0.6327944572748267,0.0,0.0,274.0,8,9,18
3,0,0,4,0,0,1,91,2,0.5083798882681564,0.4,0.0,0.3775933609958506,10,7,18
2,0,0,2,0,0,2,137,5,0.556910569105691,0.2,0.0,1.1322314049586777,9,7,17
2,0,0,1,0,0,2,130,6,0.483271375464684,0.1,0.0,2.1311475409836067,11,8,20
4,0,0,3,0,1,2,176,4,0.5714285714285714,0.3,0.25,0.9723756906077348,9,8,18
2,0,0,4,1,1,3,243,6,0.6864406779661016,0.4,0.2,1.008298755186722,8,9,18
5,0,0,4,0,0,3,171,8,0.5836177474402731,0.4,0.0,0.7095435684647303,10,8,19
6,0,0,3,0,0,1,108,4,0.5167464114832536,0.3,0.0,0.5966850828729282,10,7,18
7,1,0,0,0,0,2,177,5,0.6276595744680851,0.0,0.0,177.0,10,8,19
2,0,0,4,0,0,1,118,2,0.5175438596491229,0.4,0.0,0.4896265560165975,9,9,19
6,0,0,2,0,0,1,102,3,0.425,0.2,0.0,0.8429752066115702,11,8,20
3,0,0,5,0,0,2,122,4,0.5020576131687243,0.5,0.0,0.4053156146179402,9,8,18
1,1,0,0,0,0,0,0,0,0.0,0.0,0.0,0.0,0,0,0
4,0,0,2,0,0,3,149,7,0.5580524344569289,0.2,0.0,1.2314049586776858,10,7,18
3,0,0,3,1,0,1,133,4,0.4962686567164179,0.3,0.0,0.7348066298342542,11,8,20
3,0,0,5,0,0,2,236,8,0.612987012987013,0.5,0.0,0.7840531561461794,8,9,18
4,0,0,5,0,0,1,107,5,0.5071090047393365,0.5,0.0,0.3554817275747508,10,8,19
1,1,0,0,0,0,0,0,0,0.0,0.0,0.0,0.0,0,0,0
4,0,0,2,0,0,2,166,6,0.5337620578778135,0.2,0.0,1.371900826446281,9,9,19
4,0,0,4,0,0,2,192,7,0.5581395348837209,0.4,0.0,0.7966804979253111,9,9,19
2,0,0,5,0,2,2,139,3,0.5889830508474576,0.5,0.3333333333333333,0.46179401993355484,9,8,18
5,0,0,3,1,0,4,230,7,0.6865671641791045,0.3,0.0,1.270718232044199,8,7,16
5,0,0,7,0,0,1,110,3,0.44715447154471544,0.7,0.0,0.26128266033254155,9,8,18
5,0,0,6,0,1,2,239,6,0.6407506702412868,0.6,0.14285714285714285,0.6620498614958449,8,8,17
5,0,0,2,0,0,2,146,4,0.5658914728682171,0.2,0.0,1.2066115702479339,10,8,19
3,0,0,2,0,1,2,155,5,0.5183946488294314,0.2,0.3333333333333333,1.28099173553719,9,8,18
4,0,1,0,0,0,2,120,3,0.4838709677419355,0.0,0.0,120.0,9,8,18
3,0,0,2,0,1,2,136,5,0.5333333333333333,0.2,0.3333333333333333,1.1239669421487604,9,8,18
5,0,0,4,1,0,1,93,4,0.458128078817734,0.4,0.0,0.38589211618257263,10,7,18
7,1,0,0,0,0,1,126,2,0.4846153846153846,0.0,0.0,126.0,11,8,20
1,1,1,0,0,0,0,0,0,0.0,0.0,0.0,0.0,0,0,0
5,0,0,5,0,0,2,112,2,0.5067873303167421,0.5,0.0,0.37209302325581395,11,8,20
7,1,0,0,0,0,2,172,5,0.6013986013986014,0.0,0.0,172.0,9,8,18
5,0,0,3,0,1,2,188,5,0.5930599369085173,0.3,0.25,1.0386740331491713,9,8,18
2,0,0,5,0,0,1,119,2,0.5242290748898678,0.5,0.0,0.3953488372093023,9,8,18
4,0,0,1,0,2,2,107,7,0.5,0.1,1.0,1.7540983606557377,9,7,17
3,0,0,4,0,1,2,135,3,0.5232558139534884,0.4,0.2,0.5601659751037344,9,8,18
5,0,0,5,0,0,3,187,6,0.6426116838487973,0.5,0.0,0.6212624584717608,10,8,19
6,0,0,6,0,1,3,267,7,0.7026315789473684,0.6,0.14285714285714285,0.739612188365651,7,8,16
2,0,0,2,0,0,1,132,6,0.48,0.2,0.0,1.0909090909090908,10,8,19
2,0,0,4,0,0,2,120,3,0.5,0.4,0.0,0.4979253112033195,10,7,18
7,1,0,0,0,0,1,157,4,0.6254980079681275,0.0,0.0,157.0,9,7,17
3,0,0,3,1,0,1,137,5,0.5637860082304527,0.3,0.0,0.7569060773480663,11,8,20
1,1,0,0,0,0,0,0,0,0.0,0.0,0.0,0.0,0,0,0
5,0,0,3,0,0,2,194,6,0.6381578947368421,0.3,0.0,1.0718232044198894,9,9,19
6,0,1,0,0,0,0,0,0,0.0,0.0,0.0,0.0,0,0,0
2,0,0,1,0,1,3,264,6,0.6717557251908397,0.1,0.5,4.327868852459017,7,8,16
6,0,0,5,1,1,2,121,4,0.5283842794759825,0.5,0.16666666666666666,0.4019933554817276,9,8,18
1,1,0,0,0,0,0,0,0,0.0,0.0,0.0,0.0,0,0,0
4,0,0,2,0,1,2,205,6,0.657051282051282,0.2,0.3333333333333333,1.6942148760330578,8,8,17
4,0,0,1,0,0,1,136,5,0.5132075471698113,0.1,0.0,2.2295081967213113,11,8,20
4,0,0,0,1,0,2,146,3,0.49491525423728816,0.0,0.0,146.0,11,9,21
3,0,0,4,0,1,1,122,3,0.5281385281385281,0.4,0.2,0.5062240663900415,9,8,18
3,0,0,4,0,2,5,242,7,0.6385224274406333,0.4,0.4,1.004149377593361,8,8,17
5,0,0,1,0,0,2,166,8,0.5763888888888888,0.1,0.0,2.721311475409836,10,8,19
5,0,0,5,0,0,1,153,5,0.5862068965517241,0.5,0.0,0.5083056478405316,9,8,18
5,0,0,1,0,0,1,123,2,0.43309859154929575,0.1,0.0,2.0163934426229506,10,9,20
5,0,0,3,0,0,1,99,5,0.4782608695652174,0.3,0.0,0.5469613259668509,10,8,19
5,0,0,3,0,0,3,179,5,0.528023598820059,0.3,0.0,0.988950276243094,10,9,20
2,0,0,5,0,0,4,255,9,0.6710526315789473,0.5,0.0,0.8471760797342193,8,8,17
6,0,0,5,0,0,2,257,8,0.6207729468599034,0.5,0.0,0.8538205980066446,7,9,17
4,0,0,1,0,0,3,204,6,0.5589041095890411,0.1,0.0,3.3442622950819674,10,9,20
3,0,0,0,1,1,1,99,3,0.4074074074074074,0.0,1.0,99.0,9,8,18
4,0,0,2,0,0,2,167,3,0.5566666666666666,0.2,0.0,1.3801652892561984,9,9,19
5,0,0,3,0,1,5,268,7,0.7052631578947368,0.3,0.25,1.4806629834254144,7,9,17
6,0,0,4,0,1,1,90,4,0.45685279187817257,0.4,0.2,0.37344398340248963,9,7,17
6,0,0,8,0,1,2,215,6,0.6475903614457831,0.8,0.1111111111111111,0.446985446985447,8,8,17
4,0,0,4,1,0,1,135,5,0.5421686746987951,0.4,0.0,0.5601659751037344,10,8,19
5,0,0,3,0,0,1,101,3,0.463302752293578,0.3,0.0,0.5580110497237569,9,7,17
4,0,0,2,0,0,2,147,5,0.5231316725978647,0.2,0.0,1.2148760330578512,10,9,20
4,0,0,1,0,1,1,151,8,0.5741444866920152,0.1,0.5,2.4754098360655736,9,8,18
6,0,0,2,0,1,2,168,4,0.6245353159851301,0.2,0.3333333333333333,1.3884297520661157,9,8,18
5,0,0,5,0,2,3,209,7,0.616519174041298,0.5,0.3333333333333333,0.6943521594684385,8,8,17
4,0,0,3,0,0,4,252,9,0.6810810810810811,0.3,0.0,1.3922651933701657,8,9,18
3,0,0,4,0,1,1,158,4,0.5962264150943396,0.4,0.2,0.6556016597510373,9,8,18
1,1,0,0,0,0,0,0,0,0.0,0.0,0.0,0.0,0,0,0
6,0,0,2,1,2,1,100,5,0.43478260869565216,0.2,0.6666666666666666,0.8264462809917356,9,8,18
5,0,0,6,0,0,5,256,6,0.6416040100250626,0.6,0.0,0.7091412742382271,8,8,17
4,0,0,2,0,0,2,184,4,0.5696594427244582,0.2,0.0,1.5206611570247934,9,8,18
3,0,0,7,0,1,1,154,4,0.5682656826568265,0.7,0.125,0.3657957244655582,9,8,18
5,0,0,2,0,1,2,133,3,0.5450819672131147,0.2,0.3333333333333333,1.0991735537190082,9,9,19
2,0,0,1,0,2,1,119,4,0.47035573122529645,0.1,1.0,1.9508196721311475,9,8,18
7,1,0,0,0,0,0,0,0,0.0,0.0,0.0,0.0,0,0,0
2,0,0,2,0,0,1,150,4,0.5928853754940712,0.2,0.0,1.2396694214876034,10,8,19
4,0,0,6,0,2,3,260,9,0.6310679611650486,0.6,0.2857142857142857,0.7202216066481995,8,9,18
2,0,0,4,1,2,1,108,2,0.45188284518828453,0.4,0.4,0.44813278008298757,9,8,18
3,0,0,1,0,2,4,281,6,0.6771084337349398,0.1,1.0,4.60655737704918,8,9,18
7,1,0,0,0,0,0,0,0,0.0,0.0,0.0,0.0,0,0,0
7,1,0,0,0,0,0,0,0,0.0,0.0,0.0,0.0,0,0,0
2,0,0,2,0,0,2,186,7,0.58125,0.2,0.0,1.537190082644628,10,8,19
5,0,0,4,0,2,2,159,3,0.5638297872340425,0.4,0.4,0.6597510373443983,9,8,18
6,0,0,2,1,0,2,134,4,0.5583333333333333,0.2,0.0,1.1074380165289257,10,7,18
2,0,0,6,0,2,4,255,8,0.6746031746031746,0.6,0.2857142857142857,0.7063711911357341,8,8,17
3,0,0,6,0,2,1,99,6,0.4419642857142857,0.6,0.2857142857142857,0.2742382271468144,9,8,18
1,1,0,0,0,0,0,0,0,0.0,0.0,0.0,0.0,0,0,0
7,1,0,0,0,0,0,0,0,0.0,0.0,0.0,0.0,0,0,0
7,1,0,0,0,0,0,0,0,0.0,0.0,0.0,0.0,0,0,0
2,0,0,3,0,0,4,190,6,0.5828220858895705,0.3,0.0,1.0497237569060773,11,8,20
3,0,0,3,0,1,3,190,5,0.5705705705705706,0.3,0.25,1.0497237569060773,9,8,18
5,0,0,0,0,0,1,96,4,0.4948453608247423,0.0,0.0,96.0,9,8,18
5,0,0,3,0,3,3,174,4,0.5918367346938775,0.3,0.75,0.9613259668508287,9,8,18
6,0,0,5,1,1,4,263,9,0.6884816753926701,0.5,0.16666666666666666,0.8737541528239202,8,8,17
5,0,0,7,0,1,2,211,4,0.6098265895953757,0.7,0.125,0.501187648456057,8,8,17
5,0,0,4,0,0,2,101,7,0.42616033755274263,0.4,0.0,0.4190871369294606,9,8,18
5,0,0,3,1,4,2,106,5,0.49074074074074076,0.3,1.0,0.585635359116022,9,8,18
6,0,0,6,0,1,2,192,4,0.6442953020134228,0.6,0.14285714285714285,0.5318559556786704,8,8,17
2,0,0,7,0,0,1,120,3,0.4838709677419355,0.7,0.0,0.2850356294536817,9,8,18
5,0,0,4,0,2,3,199,8,0.6012084592145015,0.4,0.4,0.8257261410788381,8,8,17
1,1,0,0,0,0,1,108,6,0.4931506849315068,0.0,0.0,108.0,10,7,18
3,0,0,7,0,0,2,156,6,0.5342465753424658,0.7,0.0,0.37054631828978624,10,8,19
3,0,0,6,0,1,3,266,8,0.6700251889168766,0.6,0.14285714285714285,0.7368421052631579,8,9,18
2,0,0,1,0,1,1,100,4,0.4149377593360996,0.1,0.5,1.639344262295082,9,8,18
4,0,0,4,0,0,1,117,4,0.46062992125984253,0.4,0.0,0.4854771784232365,10,9,20
4,0,0,6,0,1,2,234,6,0.6610169491525424,0.6,0.14285714285714285,0.6481994459833795,8,7,16
2,0,0,6,0,3,2,201,4,0.674496644295302,0.6,0.42857142857142855,0.556786703601108,8,7,16
4,0,0,5,0,0,1,127,8,0.5404255319148936,0.5,0.0,0.4219269102990033,10,8,19
6,0,0,3,0,0,1,144,5,0.508833922261484,0.3,0.0,0.7955801104972375,9,8,18
2,0,0,3,0,0,2,171,6,0.6380597014925373,0.3,0.0,0.9447513812154696,11,8,20
6,0,0,4,1,1,1,122,6,0.5495495495495496,0.4,0.2,0.5062240663900415,9,8,18
2,0,0,3,0,0,2,141,4,0.5300751879699248,0.3,0.0,0.7790055248618785,10,8,19
2,0,0,1,1,0,3,204,7,0.6181818181818182,0.1,0.0,3.3442622950819674,9,9,19
3,0,0,1,0,0,1,116,2,0.5370370370370371,0.1,0.0,1.901639344262295,9,8,18
6,0,0,2,1,0,2,167,5,0.583916083916084,0.2,0.0,1.3801652892561984,9,8,18
4,0,0,7,0,2,2,191,7,0.60828025477707,0.7,0.25,0.45368171021377673,7,7,15
4,0,0,2,0,0,2,144,6,0.4931506849315068,0.2,0.0,1.1900826446280992,9,9,19
3,0,0,7,0,0,3,184,7,0.5592705167173252,0.7,0.0,0.43705463182897863,10,9,20
3,0,0,3,0,0,2,204,6,0.6732673267326733,0.3,0.0,1.12707182320442,8,8,17
6,0,0,2,0,0,3,169,8,0.5399361022364217,0.2,0.0,1.396694214876033,10,9,20
2,0,0,4,0,1,2,185,8,0.5854430379746836,0.4,0.2,0.7676348547717843,9,8,18
4,0,1,0,0,0,0,0,0,0.0,0.0,0.0,0.0,0,0,0
1,1,0,0,0,0,0,0,0,0.0,0.0,0.0,0.0,0,0,0
5,0,0,5,0,1,4,267,8,0.689922480620155,0.5,0.16666666666666666,0.8870431893687708,7,8,16
5,0,0,2,0,0,1,162,3,0.5955882352941176,0.2,0.0,1.3388429752066116,10,8,19
3,0,0,4,0,0,1,145,7,0.56640625,0.4,0.0,0.6016597510373444,10,7,18
6,0,0,1,0,0,3,198,5,0.5875370919881305,0.1,0.0,3.2459016393442623,8,8,17
6,0,0,1,0,1,3,307,12,0.6792035398230089,0.1,0.5,5.032786885245901,8,9,18
6,0,0,3,0,0,2,184,6,0.6344827586206897,0.3,0.0,1.0165745856353592,8,7,16
6,0,0,8,0,1,4,292,6,0.6886792452830188,0.8,0.1111111111111111,0.6070686070686071,8,9,18
6,0,0,1,0,0,3,169,3,0.5577557755775577,0.1,0.0,2.7704918032786887,11,8,20
5,0,0,1,0,0,1,142,3,0.6042553191489362,0.1,0.0,2.3278688524590163,11,7,19
6,0,1,0,0,0,0,0,0,0.0,0.0,0.0,0.0,0,0,0
2,0,0,3,1,0,3,190,7,0.5428571428571428,0.3,0.0,1.0497237569060773,10,9,20
3,0,0,4,0,0,2,208,9,0.6540880503144654,0.4,0.0,0.8630705394190872,9,9,19
4,0,0,5,1,0,1,113,3,0.5067264573991032,0.5,0.0,0.3754152823920266,10,8,19
4,0,0,7,0,4,2,235,7,0.6695156695156695,0.7,0.5,0.5581947743467933,8,7,16
5,0,0,5,0,0,2,182,6,0.6232876712328768,0.5,0.0,0.6046511627906976,9,8,18
6,0,0,4,1,0,3,256,8,0.6530612244897959,0.4,0.0,1.062240663900415,8,8,17
2,0,0,3,0,0,1,150,3,0.5747126436781609,0.3,0.0,0.8287292817679558,10,9,20
5,0,1,0,0,0,1,116,4,0.5132743362831859,0.0,0.0,116.0,9,7,17
3,0,1,0,0,0,0,0,0,0.0,0.0,0.0,0.0,0,0,0
2,0,0,7,0,0,2,206,9,0.6710097719869706,0.7,0.0,0.48931116389548696,8,8,17
7,1,0,0,0,0,0,0,0,0.0,0.0,0.0,0.0,0,0,0
1,1,0,0,0,0,0,0,0,0.0,0.0,0.0,0.0,0,0,0
3,0,0,4,0,1,2,173,6,0.6027874564459931,0.4,0.2,0.7178423236514523,9,8,18
7,1,0,0,0,0,0,0,0,0.0,0.0,0.0,0.0,0,0,0
2,0,0,2,0,0,1,122,5,0.4621212121212121,0.2,0.0,1.0082644628099173,9,8,18
6,0,0,3,0,0,1,127,6,0.48659003831417624,0.3,0.0,0.7016574585635359,9,8,18
3,0,0,5,0,0,3,260,5,0.6788511749347258,0.5,0.0,0.8637873754152824,8,8,17
3,0,0,4,0,0,1,144,8,0.5877551020408164,0.4,0.0,0.5975103734439834,10,7,18
2,0,0,1,0,1,2,124,7,0.47876447876447875,0.1,0.5,2.0327868852459017,9,8,18
2,0,0,3,0,0,2,187,9,0.5666666666666667,0.3,0.0,1.0331491712707181,10,9,20
4,0,0,4,0,0,1,120,2,0.47619047619047616,0.4,0.0,0.4979253112033195,10,8,19
5,0,0,4,0,1,2,237,6,0.6713881019830028,0.4,0.2,0.983402489626556,8,8,17
4,0,0,2,1,0,2,162,6,0.574468085106383,0.2,0.0,1.3388429752066116,10,8,19
2,0,0,2,0,1,1,158,6,0.5249169435215947,0.2,0.3333333333333333,1.3057851239669422,9,9,19
4,0,0,4,0,0,2,191,8,0.6474576271186441,0.4,0.0,0.7925311203319502,11,8,20
3,0,0,6,0,1,2,211,7,0.6393939393939394,0.6,0.14285714285714285,0.5844875346260388,8,8,17
6,0,0,5,0,1,4,246,8,0.634020618556701,0.5,0.16666666666666666,0.8172757475083057,8,8,17
2,0,0,5,0,0,1,128,3,0.48120300751879697,0.5,0.0,0.42524916943521596,10,8,19
3,0,0,5,0,0,3,205,6,0.6346749226006192,0.5,0.0,0.6810631229235881,8,8,17
5,0,0,2,0,0,2,99,8,0.4925373134328358,0.2,0.0,0.8181818181818182,10,8,19
2,0,0,2,0,0,2,141,5,0.4845360824742268,0.2,0.0,1.165289256198347,9,9,19
6,0,0,2,1,0,2,124,3,0.5020242914979757,0.2,0.0,1.024793388429752,9,8,18
3,0,0,5,0,1,1,101,4,0.4855769230769231,0.5,0.16666666666666666,0.33554817275747506,9,8,18
6,0,0,4,0,1,1,125,6,0.51440329218107,0.4,0.2,0.5186721991701245,9,8,18
5,0,1,0,0,0,0,0,0,0.0,0.0,0.0,0.0,0,0,0
3,0,0,1,0,0,2,184,4,0.6174496644295302,0.1,0.0,3.0163934426229506,11,8,20
2,0,0,8,1,2,3,199,5,0.6482084690553745,0.8,0.2222222222222222,0.41372141372141374,7,7,15
4,0,0,5,0,0,3,201,6,0.6633663366336634,0.5,0.0,0.6677740863787376,7,8,16
3,0,0,1,1,1,1,125,2,0.5341880341880342,0.1,0.5,2.0491803278688523,9,8,18
4,0,0,2,0,0,2,97,4,0.4330357142857143,0.2,0.0,0.8016528925619835,11,8,20
2,0,0,4,1,0,3,196,5,0.6689419795221843,0.4,0.0,0.8132780082987552,7,7,15
4,0,0,1,0,1,2,143,4,0.5107142857142857,0.1,0.5,2.3442622950819674,9,8,18
2,0,0,3,0,2,1,88,3,0.411214953271028,0.3,0.5,0.4861878453038674,9,7,17
3,0,0,3,0,0,2,105,3,0.5,0.3,0.0,0.580110497237569,9,8,18
4,0,0,3,0,0,2,99,3,0.41422594142259417,0.3,0.0,0.5469613259668509,10,8,19
3,0,0,5,0,0,3,185,5,0.5799373040752351,0.5,0.0,0.6146179401993356,9,8,18
6,0,0,6,0,0,2,127,7,0.44405594405594406,0.6,0.0,0.3518005540166205,10,9,20
5,0,0,7,0,1,2,208,5,0.611764705882353,0.7,0.125,0.49406175771971494,8,8,17
2,0,0,4,1,2,3,167,4,0.594306049822064,0.4,0.4,0.6929460580912863,9,9,19
3,0,0,3,0,0,1,156,6,0.5324232081911263,0.3,0.0,0.861878453038674,9,8,18
2,0,0,6,0,1,1,166,6,0.6240601503759399,0.6,0.14285714285714285,0.4598337950138504,9,8,18
5,0,0,2,0,0,2,140,9,0.5243445692883895,0.2,0.0,1.1570247933884297,10,8,19
2,0,0,0,0,0,2,146,5,0.6186440677966102,0.0,0.0,146.0,11,7,19
2,0,0,2,0,2,2,151,3,0.5316901408450704,0.2,0.6666666666666666,1.2479338842975207,9,8,18
2,0,0,1,0,1,3,224,5,0.6292134831460674,0.1,0.5,3.6721311475409837,8,8,17
3,0,0,5,1,2,5,238,11,0.601010101010101,0.5,0.3333333333333333,0.7906976744186046,8,9,18
2,0,0,2,0,0,2,157,4,0.4952681388012618,0.2,0.0,1.2975206611570247,10,9,20
4,0,0,1,0,1,3,283,6,0.7408376963350786,0.1,0.5,4.639344262295082,8,8,17
5,0,0,4,0,0,5,317,9,0.7044444444444444,0.4,0.0,1.3153526970954357,8,9,18
5,0,0,4,0,0,2,147,5,0.5547169811320755,0.4,0.0,0.6099585062240664,9,8,18
5,0,0,5,0,2,4,259,8,0.696236559139785,0.5,0.3333333333333333,0.8604651162790697,8,8,17
5,0,0,8,0,1,4,199,7,0.6768707482993197,0.8,0.1111111111111111,0.41372141372141374,7,7,15
6,0,0,3,0,5,3,256,6,0.6649350649350649,0.3,1.25,1.4143646408839778,8,8,17
3,0,0,2,0,0,3,187,6,0.5649546827794562,0.2,0.0,1.5454545454545454,9,8,18
6,0,0,2,0,1,1,121,3,0.5062761506276151,0.2,0.3333333333333333,1.0,9,8,18
2,0,0,2,0,2,2,116,4,0.47540983606557374,0.2,0.6666666666666666,0.9586776859504132,9,8,18
4,0,1,0,0,0,2,111,6,0.4457831325301205,0.0,0.0,111.0,9,9,19
6,0,0,5,0,0,3,320,12,0.7158836689038032,0.5,0.0,1.06312292358804,7,9,17
4,0,1,0,0,0,0,0,0,0.0,0.0,0.0,0.0,0,0,0
5,0,0,2,0,0,1,146,6,0.477124183006536,0.2,0.0,1.2066115702479339,11,9,21
6,0,0,8,0,0,1,97,4,0.4470046082949309,0.8,0.0,0.20166320166320167,9,7,17
3,0,0,4,0,3,6,284,7,0.7300771208226221,0.4,0.6,1.1784232365145229,8,8,17
2,0,0,4,1,0,1,133,2,0.532,0.4,0.0,0.5518672199170125,9,8,18
5,0,0,6,0,0,1,119,4,0.4576923076923077,0.6,0.0,0.3296398891966759,9,9,19
1,1,0,0,0,0,2,258,6,0.6277372262773723,0.0,0.0,258.0,8,9,18
4,0,0,5,0,2,3,266,8,0.7131367292225201,0.5,0.3333333333333333,0.8837209302325582,8,8,17
1,1,0,0,0,0,0,0,0,0.0,0.0,0.0,0.0,0,0,0
5,0,0,3,1,0,1,132,5,0.5,0.3,0.0,0.7292817679558011,11,8,20
3,0,0,3,0,1,3,163,7,0.573943661971831,0.3,0.25,0.9005524861878453,9,7,17
5,0,0,2,1,0,2,191,7,0.5701492537313433,0.2,0.0,1.578512396694215,10,8,19
2,0,0,3,0,0,1,121,2,0.521551724137931,0.3,0.0,0.6685082872928176,10,7,18
5,0,0,8,0,0,3,314,7,0.6977777777777778,0.8,0.0,0.6528066528066528,7,9,17
4,0,0,2,0,1,1,141,4,0.47,0.2,0.3333333333333333,1.165289256198347,9,9,19
5,0,1,0,0,0,0,0,0,0.0,0.0,0.0,0.0,0,0,0
2,0,0,5,0,2,4,235,8,0.6317204301075269,0.5,0.3333333333333333,0.7807308970099668,8,8,17
3,0,0,4,0,2,4,191,5,0.593167701863354,0.4,0.4,0.7925311203319502,9,9,19
7,1,0,0,0,0,0,0,0,0.0,0.0,0.0,0.0,0,0,0
5,0,0,8,0,0,1,106,4,0.5120772946859904,0.8,0.0,0.2203742203742204,11,8,20
2,0,0,4,0,3,2,138,7,0.552,0.4,0.6,0.5726141078838174,9,8,18
3,0,0,4,0,4,2,124,6,0.5688073394495413,0.4,0.8,0.5145228215767634,9,7,17
3,0,0,0,1,2,2,130,2,0.5462184873949579,0.0,2.0,130.0,9,8,18
2,0,0,2,0,0,1,98,2,0.4066390041493776,0.2,0.0,0.8099173553719008,9,8,18
3,0,0,4,0,0,4,209,5,0.6057971014492753,0.4,0.0,0.8672199170124482,8,8,17
4,0,0,5,0,0,1,98,3,0.43171806167400884,0.5,0.0,0.32558139534883723,10,8,19
2,0,1,0,0,0,0,0,0,0.0,0.0,0.0,0.0,0,0,0
5,0,0,1,0,1,1,117,5,0.5223214285714286,0.1,0.5,1.9180327868852458,9,7,17
3,0,0,2,0,2,1,131,4,0.5695652173913044,0.2,0.6666666666666666,1.0826446280991735,9,8,18
4,0,0,1,0,0,1,118,5,0.49166666666666664,0.1,0.0,1.9344262295081966,10,9,20
5,0,0,5,0,1,2,250,5,0.6925207756232687,0.5,0.16666666666666666,0.8305647840531561,8,7,16
4,0,0,3,1,0,1,128,7,0.512,0.3,0.0,0.7071823204419889,11,8,20
5,0,0,2,0,1,3,201,6,0.6146788990825688,0.2,0.3333333333333333,1.6611570247933884,9,9,19
7,1,0,0,0,0,0,0,0,0.0,0.0,0.0,0.0,0,0,0
4,0,0,3,0,2,3,171,6,0.6151079136690647,0.3,0.5,0.9447513812154696,9,8,18
4,0,0,3,0,2,3,153,3,0.5257731958762887,0.3,0.5,0.8453038674033149,9,8,18
2,0,0,3,0,0,1,105,4,0.546875,0.3,0.0,0.580110497237569,11,7,19
4,0,0,4,0,0,2,137,5,0.541501976284585,0.4,0.0,0.5684647302904564,9,8,18
3,0,0,4,1,0,2,236,7,0.6226912928759895,0.4,0.0,0.979253112033195,7,8,16
5,0,1,0,0,0,0,0,0,0.0,0.0,0.0,0.0,0,0,0
5,0,0,3,0,1,3,168,4,0.6086956521739131,0.3,0.25,0.9281767955801105,9,8,18
2,0,0,2,0,0,1,136,4,0.5643153526970954,0.2,0.0,1.1239669421487604,10,8,19
4,0,0,2,0,1,5,265,6,0.6829896907216495,0.2,0.3333333333333333,2.190082644628099,8,8,17
4,0,0,6,0,0,2,212,5,0.6816720257234726,0.6,0.0,0.5872576177285319,8,7,16
2,0,0,0,0,1,1,107,4,0.47345132743362833,0.0,1.0,107.0,9,8,18
2,0,0,7,0,0,2,169,6,0.5216049382716049,0.7,0.0,0.4014251781472684,10,9,20
1,1,0,0,0,0,0,0,0,0.0,0.0,0.0,0.0,0,0,0
4,0,0,4,0,0,3,241,6,0.6827195467422096,0.4,0.0,1.0,8,9,18
2,0,0,3,0,1,1,103,5,0.4835680751173709,0.3,0.25,0.569060773480663,9,7,17
6,0,0,5,0,0,2,173,5,0.565359477124183,0.5,0.0,0.574750830564784,10,8,19
3,0,0,2,0,3,3,173,5,0.6006944444444444,0.2,1.0,1.4297520661157024,9,8,18
4,0,0,4,1,2,3,267,6,0.6480582524271845,0.4,0.4,1.107883817427386,8,9,18
6,0,0,7,0,0,5,285,8,0.6968215158924206,0.7,0.0,0.6769596199524941,8,8,17
2,0,0,4,0,1,2,163,5,0.6127819548872181,0.4,0.2,0.6763485477178424,9,8,18
6,0,0,7,0,1,4,227,6,0.6816816816816816,0.7,0.125,0.5391923990498813,7,8,16
2,0,0,3,0,0,1,134,2,0.5037593984962406,0.3,0.0,0.7403314917127072,9,8,18
1,1,0,0,0,0,0,0,0,0.0,0.0,0.0,0.0,0,0,0
5,0,0,4,0,0,3,189,7,0.5924764890282131,0.4,0.0,0.7842323651452282,10,8,19
6,0,0,3,0,0,1,105,3,0.5172413793103449,0.3,0.0,0.580110497237569,9,8,18
6,0,0,4,1,1,4,286,7,0.7467362924281984,0.4,0.2,1.1867219917012448,8,8,17
5,0,0,0,1,2,2,144,5,0.582995951417004,0.0,2.0,144.0,9,8,18
5,0,0,3,0,0,1,134,2,0.5491803278688525,0.3,0.0,0.7403314917127072,10,8,19
7,1,0,0,0,0,2,199,8,0.6677852348993288,0.0,0.0,199.0,8,7,16
3,0,0,3,0,0,2,113,3,0.45564516129032256,0.3,0.0,0.6243093922651933,11,8,20
6,0,0,3,0,0,2,129,4,0.4795539033457249,0.3,0.0,0.712707182320442,10,9,20
4,0,0,4,0,2,1,130,5,0.5263157894736842,0.4,0.4,0.5394190871369294,9,8,18
4,0,0,6,0,1,2,112,5,0.41947565543071164,0.6,0.14285714285714285,0.31024930747922436,9,9,19
2,0,0,2,0,2,2,223,7,0.6757575757575758,0.2,0.6666666666666666,1.8429752066115703,7,7,15
6,0,0,4,0,0,1,121,4,0.4782608695652174,0.4,0.0,0.5020746887966805,9,9,19
5,0,0,4,0,1,1,139,7,0.47766323024054985,0.4,0.2,0.5767634854771784,9,9,19
2,0,0,3,0,2,1,91,7,0.47150259067357514,0.3,0.5,0.5027624309392266,9,7,17
4,0,0,7,0,0,2,162,7,0.6044776119402985,0.7,0.0,0.3847980997624703,9,7,17
5,0,0,3,0,3,4,237,7,0.6657303370786517,0.3,0.75,1.3093922651933703,8,7,16
2,0,0,7,0,0,3,234,6,0.6763005780346821,0.7,0.0,0.5558194774346793,8,8,17
3,0,0,5,0,0,2,156,5,0.6215139442231076,0.5,0.0,0.5182724252491694,11,7,19
3,0,0,4,0,0,1,163,8,0.5884476534296029,0.4,0.0,0.6763485477178424,9,9,19
4,0,0,8,0,1,4,277,8,0.6839506172839506,0.8,0.1111111111111111,0.5758835758835759,8,8,17
4,0,0,7,0,1,1,147,3,0.5568181818181818,0.7,0.125,0.3491686460807601,9,8,18
2,0,0,6,0,0,3,198,5,0.5875370919881305,0.6,0.0,0.5484764542936288,8,8,17
5,0,0,5,0,0,3,270,7,0.6699751861042184,0.5,0.0,0.8970099667774086,8,8,17
2,0,0,1,0,1,1,110,2,0.55,0.1,0.5,1.8032786885245902,9,7,17
4,0,0,2,1,0,3,215,5,0.6107954545454546,0.2,0.0,1.7768595041322315,10,9,20
4,0,0,0,0,1,2,157,4,0.6254980079681275,0.0,1.0,157.0,9,7,17
4,0,0,3,0,0,2,172,6,0.6120996441281139,0.3,0.0,0.9502762430939227,9,8,18
7,1,0,0,0,0,0,0,0,0.0,0.0,0.0,0.0,0,0,0
4,0,0,3,1,2,3,154,4,0.5384615384615384,0.3,0.5,0.850828729281768,9,8,18
4,0,0,3,0,1,1,90,5,0.43478260869565216,0.3,0.25,0.4972375690607735,9,7,17
3,0,0,3,0,0,1,115,2,0.4197080291970803,0.3,0.0,0.6353591160220995,10,9,20
2,0,0,0,0,0,3,187,10,0.6131147540983607,0.0,0.0,187.0,11,9,21
6,0,0,5,0,1,3,273,9,0.6658536585365854,0.5,0.16666666666666666,0.9069767441860465,8,8,17
5,0,0,4,0,1,2,141,10,0.6211453744493393,0.4,0.2,0.5850622406639004,9,7,17
2,0,0,4,0,0,1,105,3,0.481651376146789,0.4,0.0,0.43568464730290457,11,7,19
4,0,0,4,0,0,2,176,6,0.5751633986928104,0.4,0.0,0.7302904564315352,10,8,19
4,0,0,3,0,0,1,98,7,0.4279475982532751,0.3,0.0,0.5414364640883977,9,8,18
4,0,0,1,0,3,3,145,6,0.5598455598455598,0.1,1.5,2.377049180327869,9,7,17
3,0,0,4,1,0,3,250,8,0.6756756756756757,0.4,0.0,1.037344398340249,8,7,16
3,0,0,4,0,0,4,236,9,0.6982248520710059,0.4,0.0,0.979253112033195,8,8,17
5,0,0,7,0,0,3,240,8,0.6685236768802229,0.7,0.0,0.5700712589073634,7,8,16
6,0,0,4,0,0,2,126,2,0.5101214574898786,0.4,0.0,0.5228215767634855,11,8,20
3,0,0,1,0,1,1,110,7,0.4700854700854701,0.1,0.5,1.8032786885245902,9,8,18
2,0,0,3,0,0,1,99,2,0.495,0.3,0.0,0.5469613259668509,10,7,18
6,0,0,8,0,0,4,323,11,0.7442396313364056,0.8,0.0,0.6715176715176715,8,9,18
4,0,0,3,0,2,1,159,5,0.5408163265306123,0.3,0.5,0.8784530386740331,9,8,18
3,0,0,5,0,2,2,156,6,0.5288135593220339,0.5,0.3333333333333333,0.5182724252491694,9,8,18
2,0,0,4,0,0,2,130,7,0.5701754385964912,0.4,0.0,0.5394190871369294,10,8,19
4,0,0,5,0,0,1,111,3,0.45121951219512196,0.5,0.0,0.3687707641196013,10,8,19
6,0,0,7,0,0,4,188,5,0.5911949685534591,0.7,0.0,0.44655581947743467,9,8,18
2,0,0,2,1,0,1,119,4,0.4817813765182186,0.2,0.0,0.9834710743801653,11,8,20
3,0,0,1,0,1,1,141,5,0.4964788732394366,0.1,0.5,2.3114754098360657,9,8,18
7,1,0,0,0,0,1,121,5,0.45660377358490567,0.0,0.0,121.0,11,8,20
3,0,0,3,0,0,1,118,2,0.4738955823293173,0.3,0.0,0.6519337016574586,9,9,19
7,1,0,0,0,0,0,0,0,0.0,0.0,0.0,0.0,0,0,0
3,0,0,3,0,2,3,274,17,0.6666666666666666,0.3,0.5,1.5138121546961325,8,9,18
5,0,0,4,0,0,1,105,2,0.49528301886792453,0.4,0.0,0.43568464730290457,9,8,18
7,1,0,0,0,0,0,0,0,0.0,0.0,0.0,0.0,0,0,0
5,0,0,2,0,0,3,173,5,0.6383763837638377,0.2,0.0,1.4297520661157024,10,8,19
3,0,0,2,0,1,3,152,6,0.5588235294117647,0.2,0.3333333333333333,1.256198347107438,9,7,17
3,0,0,3,0,0,1,125,2,0.5530973451327433,0.3,0.0,0.6906077348066298,10,7,18
2,0,0,4,0,0,2,132,5,0.5301204819277109,0.4,0.0,0.5477178423236515,11,7,19
2,0,0,4,1,0,3,233,6,0.6263440860215054,0.4,0.0,0.966804979253112,8,9,18
3,0,0,3,1,0,2,148,4,0.5461254612546126,0.3,0.0,0.8176795580110497,9,9,19
5,0,0,3,0,0,1,148,4,0.5826771653543307,0.3,0.0,0.8176795580110497,9,8,18
6,0,0,4,0,2,3,234,7,0.6842105263157895,0.4,0.4,0.970954356846473,8,7,16
5,0,0,4,0,1,3,197,4,0.615625,0.4,0.2,0.8174273858921162,8,8,17
6,0,0,4,0,1,4,258,8,0.7146814404432132,0.4,0.2,1.070539419087137,8,8,17
4,0,0,4,0,2,2,151,5,0.5033333333333333,0.4,0.4,0.6265560165975104,9,9,19
4,0,0,2,0,0,2,193,9,0.5676470588235294,0.2,0.0,1.5950413223140496,10,9,20
7,1,0,0,0,0,5,265,6,0.6829896907216495,0.0,0.0,265.0,8,9,18
4,0,0,6,0,0,3,191,6,0.610223642172524,0.6,0.0,0.5290858725761773,10,8,19
5,0,0,3,0,1,2,199,5,0.5940298507462687,0.3,0.25,1.0994475138121547,8,8,17
3,0,0,0,0,0,2,122,7,0.4728682170542636,0.0,0.0,122.0,11,8,20
2,0,0,2,1,0,2,145,6,0.5052264808362369,0.2,0.0,1.1983471074380165,9,8,18
6,0,0,3,0,1,2,244,6,0.6455026455026455,0.3,0.25,1.3480662983425415,7,9,17
5,0,0,4,0,1,3,205,7,0.6174698795180723,0.4,0.2,0.8506224066390041,8,8,17
4,0,0,2,0,0,2,114,6,0.4222222222222222,0.2,0.0,0.9421487603305785,11,9,21
3,0,0,3,0,1,2,174,3,0.6126760563380281,0.3,0.25,0.9613259668508287,8,7,16
3,0,0,7,0,0,4,279,8,0.6755447941888619,0.7,0.0,0.66270783847981,7,8,16
5,0,0,2,0,1,1,101,3,0.45089285714285715,0.2,0.3333333333333333,0.8347107438016529,9,7,17
4,0,0,2,0,0,1,129,3,0.4942528735632184,0.2,0.0,1.0661157024793388,10,8,19
5,0,0,3,0,1,1,127,3,0.49224806201550386,0.3,0.25,0.7016574585635359,9,8,18
3,0,0,2,0,0,2,188,6,0.5930599369085173,0.2,0.0,1.5537190082644627,9,8,18
2,0,1,0,0,0,1,105,3,0.45064377682403434,0.0,0.0,105.0,10,8,19
4,0,0,1,0,2,1,87,2,0.4306930693069307,0.1,1.0,1.4262295081967213,9,7,17
5,0,0,4,0,1,2,115,3,0.5180180180180181,0.4,0.2,0.47717842323651455,9,8,18
7,1,0,0,0,0,1,148,6,0.5381818181818182,0.0,0.0,148.0,10,8,19
2,0,0,5,0,3,2,151,3,0.511864406779661,0.5,0.5,0.5016611295681063,9,9,19
2,0,0,2,1,0,2,167,6,0.5186335403726708,0.2,0.0,1.3801652892561984,11,9,21
7,1,0,0,0,0,3,160,5,0.5970149253731343,0.0,0.0,160.0,9,8,18
1,1,0,0,0,0,3,203,6,0.5884057971014492,0.0,0.0,203.0,9,9,19
2,0,0,5,1,0,2,182,6,0.558282208588957,0.5,0.0,0.6046511627906976,11,8,20
4,0,0,3,1,0,2,153,5,0.5221843003412969,0.3,0.0,0.8453038674033149,10,8,19
5,0,0,3,0,1,1,100,2,0.43478260869565216,0.3,0.25,0.5524861878453039,9,8,18
4,0,0,3,0,0,1,95,3,0.4377880184331797,0.3,0.0,0.5248618784530387,9,7,17
7,1,0,0,0,0,0,0,0,0.0,0.0,0.0,0.0,0,0,0
5,0,0,3,1,1,2,145,5,0.5823293172690763,0.3,0.25,0.8011049723756906,9,8,18
6,0,0,3,0,0,2,235,8,0.6994047619047619,0.3,0.0,1.298342541436464,8,8,17
2,0,0,3,1,1,1,88,5,0.4943820224719101,0.3,0.25,0.4861878453038674,9,7,17
3,0,1,0,0,0,3,169,5,0.5540983606557377,0.0,0.0,169.0,10,8,19
2,0,0,4,0,0,1,115,4,0.4372623574144487,0.4,0.0,0.47717842323651455,10,9,20
5,0,1,0,0,0,0,0,0,0.0,0.0,0.0,0.0,0,0,0
6,0,0,6,0,1,4,281,7,0.7095959595959596,0.6,0.14285714285714285,0.778393351800554,8,8,17
7,1,0,0,0,0,0,0,0,0.0,0.0,0.0,0.0,0,0,0
6,0,0,1,0,0,2,137,6,0.5546558704453441,0.1,0.0,2.2459016393442623,10,8,19
5,0,0,3,0,0,1,102,3,0.42677824267782427,0.3,0.0,0.56353591160221,10,8,19
4,0,0,1,0,1,2,137,5,0.5930735930735931,0.1,0.5,2.2459016393442623,9,7,17
4,0,0,4,0,0,2,144,7,0.5806451612903226,0.4,0.0,0.5975103734439834,10,7,18
2,0,0,3,0,2,1,150,5,0.5660377358490566,0.3,0.5,0.8287292817679558,9,9,19
1,1,0,0,0,0,0,0,0,0.0,0.0,0.0,0.0,0,0,0
3,0,0,0,0,1,2,186,8,0.6058631921824105,0.0,1.0,186.0,9,9,19
4,0,0,2,0,2,1,126,6,0.4864864864864865,0.2,0.6666666666666666,1.0413223140495869,9,8,18
4,0,0,5,0,0,2,140,5,0.6140350877192983,0.5,0.0,0.46511627906976744,10,7,18
7,1,0,0,0,0,0,0,0,0.0,0.0,0.0,0.0,0,0,0
5,0,0,3,0,0,2,137,4,0.5546558704453441,0.3,0.0,0.7569060773480663,10,8,19
6,0,0,4,0,1,6,277,8,0.6772616136919315,0.4,0.2,1.1493775933609958,8,8,17
5,0,0,1,0,1,1,118,3,0.4777327935222672,0.1,0.5,1.9344262295081966,9,8,18
7,1,0,0,0,0,0,0,0,0.0,0.0,0.0,0.0,0,0,0
2,0,0,2,0,2,2,151,6,0.5551470588235294,0.2,0.6666666666666666,1.2479338842975207,9,8,18
3,0,0,4,0,4,3,263,8,0.6939313984168866,0.4,0.8,1.0912863070539418,7,8,16
2,0,1,0,0,0,4,246,11,0.6890756302521008,0.0,0.0,246.0,8,8,17
5,0,0,4,0,0,6,290,7,0.6590909090909091,0.4,0.0,1.2033195020746887,8,9,18
2,0,0,6,1,1,2,115,5,0.42592592592592593,0.6,0.14285714285714285,0.3185595567867036,9,9,19
5,0,0,3,0,0,4,257,7,0.6727748691099477,0.3,0.0,1.419889502762431,8,9,18
6,0,0,7,1,2,2,230,8,0.6233062330623306,0.7,0.25,0.5463182897862233,8,8,17
5,0,0,2,0,2,1,111,4,0.45867768595041325,0.2,0.6666666666666666,0.9173553719008265,9,8,18
4,0,0,8,0,2,2,228,8,0.6867469879518072,0.8,0.2222222222222222,0.47401247401247404,8,7,16
4,0,0,5,0,2,2,222,6,0.6397694524495677,0.5,0.3333333333333333,0.7375415282392026,8,7,16
4,0,0,4,0,2,3,247,5,0.6365979381443299,0.4,0.4,1.0248962655601659,8,9,18
7,1,0,0,0,0,2,107,5,0.5144230769230769,0.0,0.0,107.0,10,8,19
1,1,0,0,0,0,0,0,0,0.0,0.0,0.0,0.0,0,0,0
7,1,0,0,0,0,0,0,0,0.0,0.0,0.0,0.0,0,0,0
4,0,0,3,0,0,3,188,6,0.5784615384615385,0.3,0.0,1.0386740331491713,10,8,19
1,1,0,0,0,0,0,0,0,0.0,0.0,0.0,0.0,0,0,0
5,0,0,0,0,0,2,164,6,0.5655172413793104,0.0,0.0,164.0,9,8,18
2,0,0,3,0,0,2,233,8,0.6348773841961853,0.3,0.0,1.287292817679558,8,8,17
5,0,0,3,0,0,1,134,6,0.6090909090909091,0.3,0.0,0.7403314917127072,10,7,18
2,0,0,4,0,0,3,164,6,0.5521885521885522,0.4,0.0,0.6804979253112033,11,8,20
6,0,0,4,0,0,2,220,10,0.6285714285714286,0.4,0.0,0.9128630705394191,8,8,17
5,0,0,3,0,0,3,168,4,0.5637583892617449,0.3,0.0,0.9281767955801105,11,8,20
6,0,0,2,0,0,4,192,6,0.6075949367088608,0.2,0.0,1.5867768595041323,11,9,21
2,0,1,0,0,0,0,0,0,0.0,0.0,0.0,0.0,0,0,0
2,0,0,3,0,0,2,173,3,0.6134751773049646,0.3,0.0,0.9558011049723757,11,8,20
1,1,0,0,0,0,0,0,0,0.0,0.0,0.0,0.0,0,0,0
2,0,0,4,0,0,3,154,5,0.5992217898832685,0.4,0.0,0.6390041493775933,9,8,18
3,0,0,1,0,0,1,144,5,0.5,0.1,0.0,2.360655737704918,10,8,19
4,0,1,0,0,0,0,0,0,0.0,0.0,0.0,0.0,0,0,0
2,0,0,4,0,2,1,94,3,0.44339622641509435,0.4,0.4,0.3900414937759336,9,7,17
5,0,0,0,1,0,3,202,6,0.63125,0.0,0.0,202.0,7,8,16
6,0,0,4,0,0,2,133,8,0.5833333333333334,0.4,0.0,0.5518672199170125,10,7,18
4,0,0,5,0,0,1,122,4,0.47470817120622566,0.5,0.0,0.4053156146179402,9,8,18
3,0,0,5,1,1,6,311,7,0.7387173396674585,0.5,0.16666666666666666,1.0332225913621262,8,9,18
2,0,0,6,1,0,1,126,3,0.5625,0.6,0.0,0.3490304709141274,11,8,20
4,0,0,2,0,0,1,109,4,0.44129554655870445,0.2,0.0,0.9008264462809917,10,9,20
4,0,0,3,0,0,1,141,4,0.5053763440860215,0.3,0.0,0.7790055248618785,10,8,19
6,0,0,4,0,0,3,194,5,0.6554054054054054,0.4,0.0,0.8049792531120332,8,8,17
2,0,0,7,1,0,3,248,7,0.6831955922865014,0.7,0.0,0.5890736342042755,8,7,16
4,0,0,5,0,0,3,154,4,0.5292096219931272,0.5,0.0,0.5116279069767442,9,8,18
7,1,0,0,0,0,0,0,0,0.0,0.0,0.0,0.0,0,0,0
3,0,0,5,0,1,3,270,9,0.6733167082294265,0.5,0.16666666666666666,0.8970099667774086,8,8,17
2,0,0,2,0,0,2,109,3,0.46382978723404256,0.2,0.0,0.9008264462809917,9,8,18
6,0,0,4,0,1,2,205,7,0.6174698795180723,0.4,0.2,0.8506224066390041,8,8,17
7,1,0,0,0,0,0,0,0,0.0,0.0,0.0,0.0,0,0,0
5,0,0,6,0,0,3,252,6,0.6904109589041096,0.6,0.0,0.6980609418282548,7,8,16
3,0,0,1,0,1,1,100,4,0.45248868778280543,0.1,0.5,1.639344262295082,9,7,17
2,0,0,3,0,1,2,184,5,0.6789667896678967,0.3,0.25,1.0165745856353592,8,7,16
6,0,0,6,0,3,3,216,4,0.6016713091922006,0.6,0.42857142857142855,0.5983379501385041,8,8,17
3,0,0,4,0,0,2,150,4,0.5836575875486382,0.4,0.0,0.6224066390041494,9,8,18
2,0,0,2,0,1,2,130,5,0.5531914893617021,0.2,0.3333333333333333,1.0743801652892562,9,8,18
3,0,0,2,0,0,1,160,4,0.5387205387205387,0.2,0.0,1.322314049586777,10,8,19
4,0,0,5,1,0,1,137,4,0.53515625,0.5,0.0,0.45514950166112955,10,8,19
6,0,0,1,0,0,1,139,4,0.5072992700729927,0.1,0.0,2.278688524590164,11,8,20
4,0,0,6,0,1,3,203,4,0.6527331189710611,0.6,0.14285714285714285,0.5623268698060941,8,8,17
3,0,0,3,0,1,1,166,3,0.6217228464419475,0.3,0.25,0.9171270718232044,9,8,18
2,0,0,6,1,0,3,234,6,0.6782608695652174,0.6,0.0,0.6481994459833795,8,8,17
6,0,0,2,0,0,2,195,6,0.6770833333333334,0.2,0.0,1.6115702479338843,8,7,16
2,0,0,7,0,2,3,168,4,0.6292134831460674,0.7,0.25,0.3990498812351544,8,7,16
5,0,0,2,0,3,3,154,6,0.5661764705882353,0.2,1.0,1.2727272727272727,9,7,17
1,1,0,0,0,0,0,0,0,0.0,0.0,0.0,0.0,0,0,0
2,0,0,3,0,0,3,161,6,0.540268456375839,0.3,0.0,0.8895027624309392,11,9,21
7,1,0,0,0,0,0,0,0,0.0,0.0,0.0,0.0,0,0,0
3,0,0,2,0,1,1,127,5,0.5669642857142857,0.2,0.3333333333333333,1.0495867768595042,9,8,18
4,0,0,2,0,3,1,97,5,0.4597156398104265,0.2,1.0,0.8016528925619835,9,8,18
2,0,0,1,0,2,2,137,5,0.5209125475285171,0.1,1.0,2.2459016393442623,9,8,18
3,0,0,3,0,2,3,191,5,0.5805471124620061,0.3,0.5,1.0552486187845305,9,9,19
3,0,0,3,0,2,2,180,5,0.6228373702422145,0.3,0.5,0.994475138121547,9,8,18
4,0,0,2,0,1,2,176,6,0.5966101694915255,0.2,0.3333333333333333,1.4545454545454546,9,8,18
4,0,0,4,0,2,1,145,8,0.6092436974789915,0.4,0.4,0.6016597510373444,9,7,17
3,0,0,5,0,2,1,119,5,0.54337899543379,0.5,0.3333333333333333,0.3953488372093023,9,7,17
3,0,0,4,0,0,4,263,6,0.6575,0.4,0.0,1.0912863070539418,8,8,17
6,0,0,4,0,0,1,103,5,0.4858490566037736,0.4,0.0,0.42738589211618255,10,8,19
5,0,0,5,0,3,1,119,3,0.5151515151515151,0.5,0.5,0.3953488372093023,9,9,19
6,0,0,3,0,1,3,216,5,0.6153846153846154,0.3,0.25,1.1933701657458564,8,8,17
4,0,0,5,0,0,2,117,4,0.44150943396226416,0.5,0.0,0.38870431893687707,9,9,19
2,0,1,0,0,0,0,0,0,0.0,0.0,0.0,0.0,0,0,0
5,0,0,3,0,0,2,181,5,0.6241379310344828,0.3,0.0,1.0,9,9,19
5,0,0,2,0,0,1,113,3,0.49344978165938863,0.2,0.0,0.9338842975206612,10,8,19
3,0,1,0,0,0,0,0,0,0.0,0.0,0.0,0.0,0,0,0
2,0,0,3,1,0,2,162,4,0.5586206896551724,0.3,0.0,0.8950276243093923,10,8,19
2,0,0,5,0,0,2,164,5,0.6259541984732825,0.5,0.0,0.5448504983388704,10,8,19
2,0,0,4,0,1,4,228,8,0.6145552560646901,0.4,0.2,0.946058091286307,8,8,17
5,0,0,2,0,2,1,102,3,0.43776824034334766,0.2,0.6666666666666666,0.8429752066115702,9,8,18
3,0,0,5,1,1,4,240,9,0.7079646017699115,0.5,0.16666666666666666,0.7973421926910299,7,8,16
2,0,1,0,0,0,0,0,0,0.0,0.0,0.0,0.0,0,0,0
2,0,0,4,0,0,2,194,6,0.5861027190332326,0.4,0.0,0.8049792531120332,8,8,17
3,0,0,2,0,3,2,117,4,0.5792079207920792,0.2,1.0,0.9669421487603306,9,7,17
2,0,0,4,0,0,2,153,6,0.5862068965517241,0.4,0.0,0.6348547717842323,9,8,18
4,0,0,1,0,2,5,279,8,0.6838235294117647,0.1,1.0,4.573770491803279,8,8,17
5,0,0,3,0,1,5,271,7,0.6625916870415648,0.3,0.25,1.4972375690607735,8,8,17
5,0,0,8,0,1,2,140,7,0.5,0.8,0.1111111111111111,0.2910602910602911,9,8,18
7,1,0,0,0,0,0,0,0,0.0,0.0,0.0,0.0,0,0,0
4,0,0,4,0,0,2,158,8,0.5766423357664233,0.4,0.0,0.6556016597510373,9,8,18
5,0,0,3,0,1,1,135,4,0.54,0.3,0.25,0.7458563535911602,9,8,18
6,0,1,0,0,0,0,0,0,0.0,0.0,0.0,0.0,0,0,0
1,1,0,0,0,0,0,0,0,0.0,0.0,0.0,0.0,0,0,0
3,0,0,1,1,0,1,113,4,0.5305164319248826,0.1,0.0,1.8524590163934427,10,8,19
5,0,0,1,0,0,1,146,3,0.5572519083969466,0.1,0.0,2.3934426229508197,10,8,19
2,0,0,3,0,0,2,189,4,0.5833333333333334,0.3,0.0,1.0441988950276244,10,8,19
3,0,0,5,0,0,2,184,6,0.5878594249201278,0.5,0.0,0.6112956810631229,9,8,18
6,0,0,5,0,0,3,301,8,0.6688888888888889,0.5,0.0,1.0,7,9,17
3,0,0,3,0,2,2,105,3,0.4976303317535545,0.3,0.5,0.580110497237569,9,8,18
3,0,0,3,0,2,2,131,3,0.48880597014925375,0.3,0.5,0.7237569060773481,9,8,18
1,1,0,0,0,0,0,0,0,0.0,0.0,0.0,0.0,0,0,0
3,0,0,3,0,1,4,257,7,0.6816976127320955,0.3,0.25,1.419889502762431,8,8,17
5,0,0,2,1,1,2,191,5,0.5895061728395061,0.2,0.3333333333333333,1.578512396694215,9,8,18
4,0,1,0,0,0,0,0,0,0.0,0.0,0.0,0.0,0,0,0
2,0,0,3,0,0,4,213,5,0.6,0.3,0.0,1.1767955801104972,10,9,20
4,0,0,4,0,0,2,138,3,0.4928571428571429,0.4,0.0,0.5726141078838174,9,8,18
5,0,0,1,1,2,2,189,7,0.5851393188854489,0.1,1.0,3.098360655737705,9,9,19
5,0,0,2,0,0,2,112,5,0.4444444444444444,0.2,0.0,0.9256198347107438,10,8,19
2,0,0,4,0,0,3,190,5,0.5956112852664577,0.4,0.0,0.7883817427385892,9,9,19
2,0,0,5,0,0,1,85,5,0.4271356783919598,0.5,0.0,0.2823920265780731,11,7,19
2,0,0,1,0,0,1,104,3,0.4727272727272727,0.1,0.0,1.7049180327868851,9,8,18
3,0,1,0,0,0,0,0,0,0.0,0.0,0.0,0.0,0,0,0
4,0,0,1,0,2,2,171,8,0.5836177474402731,0.1,1.0,2.80327868852459,9,9,19
5,0,0,5,0,0,2,105,4,0.4666666666666667,0.5,0.0,0.3488372093023256,11,7,19
2,0,0,3,1,0,2,113,2,0.47280334728033474,0.3,0.0,0.6243093922651933,11,8,20
6,0,0,4,0,0,2,201,6,0.6184615384615385,0.4,0.0,0.8340248962655602,7,8,16
6,0,0,5,0,1,2,183,4,0.5736677115987461,0.5,0.16666666666666666,0.6079734219269103,9,8,18
7,1,0,0,0,0,2,148,6,0.5522388059701493,0.0,0.0,148.0,10,8,19
7,1,0,0,0,0,2,158,6,0.5486111111111112,0.0,0.0,158.0,10,9,20
6,0,0,3,0,0,2,200,6,0.6230529595015576,0.3,0.0,1.1049723756906078,11,9,21
5,0,0,2,0,0,1,136,5,0.5619834710743802,0.2,0.0,1.1239669421487604,9,8,18
2,0,0,3,0,2,3,160,4,0.6130268199233716,0.3,0.5,0.8839779005524862,9,8,18
6,0,0,4,1,1,2,198,4,0.66,0.4,0.2,0.8215767634854771,8,8,17
7,1,1,0,0,0,0,0,0,0.0,0.0,0.0,0.0,0,0,0
4,0,0,4,1,0,2,211,7,0.647239263803681,0.4,0.0,0.8755186721991701,8,8,17
4,0,0,2,0,2,1,106,4,0.45689655172413796,0.2,0.6666666666666666,0.8760330578512396,9,7,17
5,0,0,3,0,0,1,127,3,0.46691176470588236,0.3,0.0,0.7016574585635359,10,9,20
5,0,0,6,0,0,3,244,7,0.6437994722955145,0.6,0.0,0.6759002770083102,8,8,17
6,0,0,2,0,0,2,124,4,0.47509578544061304,0.2,0.0,1.024793388429752,10,9,20
3,0,0,4,0,0,2,141,4,0.5875,0.4,0.0,0.5850622406639004,11,8,20
2,0,0,3,1,2,2,179,7,0.6654275092936803,0.3,0.5,0.988950276243094,8,7,16
2,0,0,2,0,0,1,128,2,0.5182186234817814,0.2,0.0,1.0578512396694215,10,7,18
2,0,0,7,0,2,4,214,6,0.6729559748427673,0.7,0.25,0.5083135391923991,8,7,16
5,0,0,3,0,0,2,172,5,0.6142857142857143,0.3,0.0,0.9502762430939227,9,8,18
3,0,0,3,0,1,1,107,4,0.4262948207171315,0.3,0.25,0.5911602209944752,9,8,18
7,1,0,0,0,0,0,0,0,0.0,0.0,0.0,0.0,0,0,0
2,0,0,7,0,0,1,150,9,0.5576208178438662,0.7,0.0,0.35629453681710216,11,8,20
3,0,0,3,1,0,1,113,3,0.4396887159533074,0.3,0.0,0.6243093922651933,10,8,19
2,0,0,4,0,0,1,92,5,0.5139664804469274,0.4,0.0,0.3817427385892116,11,7,19
3,0,0,2,0,1,2,188,5,0.6287625418060201,0.2,0.3333333333333333,1.5537190082644627,9,8,18
3,0,0,2,0,1,1,117,5,0.45703125,0.2,0.3333333333333333,0.9669421487603306,9,8,18
2,0,0,2,0,0,2,135,4,0.5252918287937743,0.2,0.0,1.115702479338843,9,9,19
4,0,0,2,0,0,2,156,5,0.6046511627906976,0.2,0.0,1.2892561983471074,9,8,18
4,0,0,3,0,0,1,125,4,0.5186721991701245,0.3,0.0,0.6906077348066298,10,8,19
2,0,0,4,0,1,2,131,3,0.5097276264591439,0.4,0.2,0.5435684647302904,9,8,18
2,0,0,2,0,1,2,203,5,0.5654596100278552,0.2,0.3333333333333333,1.677685950413223,9,9,19
6,0,0,2,0,0,1,117,2,0.49159663865546216,0.2,0.0,0.9669421487603306,10,9,20
2,0,0,6,0,0,1,112,4,0.4686192468619247,0.6,0.0,0.31024930747922436,10,8,19
2,0,0,4,0,1,1,145,4,0.5534351145038168,0.4,0.2,0.6016597510373444,9,8,18
4,0,0,3,0,2,2,183,4,0.5562310030395137,0.3,0.5,1.011049723756906,9,9,19
2,0,0,5,1,2,4,281,9,0.6955445544554455,0.5,0.3333333333333333,0.9335548172757475,7,8,16
2,0,0,7,0,1,2,181,6,0.6241379310344828,0.7,0.125,0.42992874109263657,9,8,18
6,0,0,2,0,0,2,220,6,0.672782874617737,0.2,0.0,1.8181818181818181,7,8,16
5,0,0,5,1,0,3,189,5,0.6237623762376238,0.5,0.0,0.627906976744186,8,7,16
4,0,0,1,0,0,1,109,3,0.45228215767634855,0.1,0.0,1.7868852459016393,10,8,19
6,0,0,7,0,2,2,223,5,0.6798780487804879,0.7,0.25,0.5296912114014252,8,8,17
6,0,0,4,0,2,3,232,6,0.6884272997032641,0.4,0.4,0.9626556016597511,8,8,17
6,0,0,1,0,1,2,145,4,0.5576923076923077,0.1,0.5,2.377049180327869,9,7,17
3,0,0,1,0,0,1,90,4,0.43902439024390244,0.1,0.0,1.4754098360655739,10,7,18
2,0,0,5,0,1,1,132,4,0.5665236051502146,0.5,0.16666666666666666,0.43853820598006643,9,8,18
3,0,1,0,0,0,0,0,0,0.0,0.0,0.0,0.0,0,0,0
6,0,0,0,0,0,3,162,6,0.5785714285714286,0.0,0.0,162.0,11,8,20
3,0,0,2,0,2,4,213,12,0.6173913043478261,0.2,0.6666666666666666,1.7603305785123966,9,9,19
1,1,0,0,0,0,0,0,0,0.0,0.0,0.0,0.0,0,0,0
3,0,0,2,0,0,2,156,4,0.5131578947368421,0.2,0.0,1.2892561983471074,9,9,19
5,0,0,6,1,4,3,277,7,0.7367021276595744,0.6,0.5714285714285714,0.7673130193905817,8,8,17
4,0,0,8,0,0,5,279,10,0.6706730769230769,0.8,0.0,0.58004158004158,8,8,17
5,0,1,0,0,0,2,173,3,0.5844594594594594,0.0,0.0,173.0,8,7,16
2,0,0,5,0,2,4,279,8,0.6838235294117647,0.5,0.3333333333333333,0.9269102990033222,8,9,18
5,0,0,4,0,0,1,149,5,0.5398550724637681,0.4,0.0,0.6182572614107884,9,8,18
2,0,0,2,0,0,1,145,8,0.5123674911660777,0.2,0.0,1.1983471074380165,10,9,20
3,0,0,2,0,0,1,160,3,0.6060606060606061,0.2,0.0,1.322314049586777,9,8,18
2,0,0,6,0,0,2,119,4,0.425,0.6,0.0,0.3296398891966759,10,9,20
4,0,0,4,0,0,1,125,2,0.5530973451327433,0.4,0.0,0.5186721991701245,10,8,19
2,0,0,6,0,1,1,132,2,0.45051194539249145,0.6,0.14285714285714285,0.3656509695290859,9,9,19
5,0,0,3,0,0,3,146,7,0.5214285714285715,0.3,0.0,0.8066298342541437,9,8,18
5,0,0,3,0,0,2,166,6,0.535483870967742,0.3,0.0,0.9171270718232044,10,9,20
4,0,0,4,0,1,4,263,11,0.6493827160493827,0.4,0.2,1.0912863070539418,7,8,16
6,0,0,3,0,1,2,125,2,0.5656108597285068,0.3,0.25,0.6906077348066298,9,7,17
2,0,0,3,0,0,1,133,2,0.5362903225806451,0.3,0.0,0.7348066298342542,10,7,18
2,0,1,0,0,0,1,122,3,0.5083333333333333,0.0,0.0,122.0,9,9,19
2,0,0,6,0,2,3,210,4,0.6306306306306306,0.6,0.2857142857142857,0.5817174515235457,9,9,19
2,0,0,4,0,0,2,107,3,0.4930875576036866,0.4,0.0,0.44398340248962653,9,7,17
2,0,0,8,0,0,2,153,4,0.5625,0.8,0.0,0.3180873180873181,10,7,18
3,0,0,4,0,1,2,153,5,0.612,0.4,0.2,0.6348547717842323,9,8,18
2,0,0,2,0,1,1,169,6,0.5168195718654435,0.2,0.3333333333333333,1.396694214876033,9,9,19
6,0,0,3,0,2,1,160,4,0.54421768707483,0.3,0.5,0.8839779005524862,9,8,18
6,0,0,1,1,0,2,131,4,0.5458333333333333,0.1,0.0,2.1475409836065573,9,8,18
2,0,0,5,0,0,1,96,4,0.4682926829268293,0.5,0.0,0.31893687707641194,9,7,17
2,0,0,2,0,0,2,97,5,0.4597156398104265,0.2,0.0,0.8016528925619835,10,8,19
4,0,0,5,0,0,3,172,7,0.669260700389105,0.5,0.0,0.5714285714285714,8,7,16
4,0,0,4,0,0,1,145,5,0.5311355311355311,0.4,0.0,0.6016597510373444,9,9,19
2,0,0,3,0,2,2,165,4,0.64453125,0.3,0.5,0.9116022099447514,9,7,17
2,0,0,3,0,0,1,98,3,0.4474885844748858,0.3,0.0,0.5414364640883977,9,8,18
1,1,0,0,0,0,0,0,0,0.0,0.0,0.0,0.0,0,0,0
6,0,0,5,0,0,1,124,6,0.512396694214876,0.5,0.0,0.4119601328903654,10,8,19
3,0,0,4,1,2,3,190,7,0.6129032258064516,0.4,0.4,0.7883817427385892,9,8,18
6,0,0,3,0,1,3,231,8,0.6260162601626016,0.3,0.25,1.276243093922652,8,8,17
4,0,0,4,0,0,2,159,7,0.6115384615384616,0.4,0.0,0.6597510373443983,10,8,19
2,0,0,1,0,3,2,123,5,0.5590909090909091,0.1,1.5,2.0163934426229506,9,8,18
2,0,0,3,0,1,1,108,2,0.4595744680851064,0.3,0.25,0.5966850828729282,9,8,18
3,0,0,6,0,1,3,238,6,0.6629526462395543,0.6,0.14285714285714285,0.6592797783933518,8,8,17
6,0,0,5,0,1,4,263,8,0.6624685138539043,0.5,0.16666666666666666,0.8737541528239202,8,8,17
4,0,0,3,0,0,1,141,4,0.55078125,0.3,0.0,0.7790055248618785,10,7,18
5,0,0,5,0,2,3,257,6,0.7138888888888889,0.5,0.3333333333333333,0.8538205980066446,8,8,17
2,0,0,2,0,1,2,136,7,0.49097472924187724,0.2,0.3333333333333333,1.1239669421487604,9,8,18
1,1,0,0,0,0,0,0,0,0.0,0.0,0.0,0.0,0,0,0
3,0,0,3,0,1,1,103,9,0.42386831275720166,0.3,0.25,0.569060773480663,9,8,18
5,0,0,2,1,0,1,121,3,0.49794238683127573,0.2,0.0,1.0,11,7,19
2,0,0,4,0,0,1,150,3,0.5357142857142857,0.4,0.0,0.6224066390041494,10,9,20
3,0,0,0,0,0,2,118,7,0.5267857142857143,0.0,0.0,118.0,10,8,19
2,0,0,6,0,1,2,134,4,0.5630252100840336,0.6,0.14285714285714285,0.37119113573407203,9,8,18
6,0,0,1,0,0,1,157,5,0.5902255639097744,0.1,0.0,2.5737704918032787,9,8,18
5,0,0,4,0,0,4,289,8,0.6897374701670644,0.4,0.0,1.1991701244813278,8,9,18
4,0,0,5,1,1,2,220,5,0.583554376657825,0.5,0.16666666666666666,0.7308970099667774,7,9,17
6,0,0,4,0,0,4,286,7,0.6470588235294118,0.4,0.0,1.1867219917012448,8,9,18
6,0,1,0,0,0,0,0,0,0.0,0.0,0.0,0.0,0,0,0
6,0,0,3,0,0,1,126,7,0.47191011235955055,0.3,0.0,0.6961325966850829,10,8,19
4,0,0,6,0,0,2,169,6,0.5847750865051903,0.6,0.0,0.46814404432132967,10,8,19
4,0,1,0,0,0,0,0,0,0.0,0.0,0.0,0.0,0,0,0
2,0,0,3,1,0,1,101,2,0.45495495495495497,0.3,0.0,0.5580110497237569,9,8,18
2,0,0,3,0,0,2,155,6,0.5871212121212122,0.3,0.0,0.856353591160221,10,7,18
6,0,0,8,1,0,2,134,3,0.4855072463768116,0.8,0.0,0.2785862785862786,10,9,20
2,0,0,2,0,0,2,148,6,0.519298245614035,0.2,0.0,1.2231404958677685,10,8,19
5,0,0,1,0,1,2,191,5,0.6345514950166113,0.1,0.5,3.1311475409836067,9,9,19
2,0,0,2,0,0,1,107,4,0.4672489082969432,0.2,0.0,0.8842975206611571,10,7,18
6,0,0,3,0,0,2,145,6,0.5197132616487455,0.3,0.0,0.8011049723756906,9,8,18
3,0,0,1,0,0,1,163,4,0.6245210727969349,0.1,0.0,2.6721311475409837,9,8,18
2,0,0,6,0,0,4,291,6,0.7063106796116505,0.6,0.0,0.8060941828254847,8,9,18
5,0,0,2,0,0,4,211,6,0.6098265895953757,0.2,0.0,1.743801652892562,8,8,17
1,1,0,0,0,0,0,0,0,0.0,0.0,0.0,0.0,0,0,0
2,0,0,4,0,0,3,161,5,0.568904593639576,0.4,0.0,0.6680497925311203,11,8,20
2,0,0,4,1,0,1,148,6,0.5803921568627451,0.4,0.0,0.6141078838174274,9,8,18
5,0,0,3,0,1,3,237,7,0.6353887399463807,0.3,0.25,1.3093922651933703,8,9,18
6,0,0,4,0,0,2,98,7,0.4558139534883721,0.4,0.0,0.4066390041493776,10,7,18
3,0,0,2,0,2,3,237,8,0.6370967741935484,0.2,0.6666666666666666,1.9586776859504131,8,8,17
3,0,0,4,1,0,1,161,5,0.543918918918919,0.4,0.0,0.6680497925311203,10,8,19
7,1,0,0,0,0,0,0,0,0.0,0.0,0.0,0.0,0,0,0
6,0,0,2,1,0,1,175,5,0.5912162162162162,0.2,0.0,1.4462809917355373,11,8,20
2,0,0,3,1,0,3,178,6,0.5476923076923077,0.3,0.0,0.9834254143646409,9,9,19
5,0,0,0,0,0,1,120,5,0.4580152671755725,0.0,0.0,120.0,9,8,18
4,0,0,5,0,0,2,127,6,0.4551971326164875,0.5,0.0,0.4219269102990033,9,9,19
4,0,0,6,0,1,1,125,2,0.4681647940074906,0.6,0.14285714285714285,0.3462603878116344,9,8,18
5,0,0,3,0,2,2,106,3,0.5047619047619047,0.3,0.5,0.585635359116022,9,8,18
2,0,0,7,0,0,1,148,3,0.5758754863813229,0.7,0.0,0.3515439429928741,10,8,19
5,0,0,3,1,0,2,158,5,0.5787545787545788,0.3,0.0,0.8729281767955801,9,9,19
3,0,0,3,1,0,1,88,2,0.4756756756756757,0.3,0.0,0.4861878453038674,10,7,18
1,1,0,0,0,0,2,233,7,0.6401098901098901,0.0,0.0,233.0,8,9,18
4,0,0,4,0,2,3,215,6,0.6125356125356125,0.4,0.4,0.8921161825726142,8,8,17
4,0,0,5,0,1,2,181,5,0.6013289036544851,0.5,0.16666666666666666,0.6013289036544851,8,7,16
1,1,0,0,0,0,0,0,0,0.0,0.0,0.0,0.0,0,0,0
5,0,0,1,0,0,1,129,4,0.5443037974683544,0.1,0.0,2.1147540983606556,9,7,17
6,0,0,8,0,0,3,216,5,0.6033519553072626,0.8,0.0,0.4490644490644491,8,8,17
6,0,0,2,0,2,1,129,4,0.5608695652173913,0.2,0.6666666666666666,1.0661157024793388,9,8,18
3,0,0,4,0,0,3,167,9,0.5622895622895623,0.4,0.0,0.6929460580912863,10,9,20
6,0,0,3,0,1,2,113,3,0.4216417910447761,0.3,0.25,0.6243093922651933,9,9,19
5,0,0,0,0,3,1,108,6,0.4576271186440678,0.0,3.0,108.0,9,8,18
5,0,0,7,1,0,4,258,5,0.6308068459657702,0.7,0.0,0.6128266033254157,8,9,18
2,0,0,4,1,0,2,168,4,0.6511627906976745,0.4,0.0,0.6970954356846473,8,7,16
3,0,0,4,0,0,2,122,2,0.5213675213675214,0.4,0.0,0.5062240663900415,10,8,19
5,0,0,2,0,1,4,192,6,0.6233766233766234,0.2,0.3333333333333333,1.5867768595041323,8,8,17
4,0,0,5,0,0,4,288,8,0.6857142857142857,0.5,0.0,0.9568106312292359,8,9,18
2,0,0,4,0,0,2,166,6,0.5763888888888888,0.4,0.0,0.6887966804979253,9,8,18
4,0,0,5,0,0,1,145,5,0.5686274509803921,0.5,0.0,0.48172757475083056,9,7,17
5,0,0,2,0,1,2,193,6,0.6166134185303515,0.2,0.3333333333333333,1.5950413223140496,8,7,16
2,0,0,1,0,0,2,166,7,0.5589225589225589,0.1,0.0,2.721311475409836,9,8,18
2,0,0,6,0,1,2,186,11,0.6118421052631579,0.6,0.14285714285714285,0.5152354570637119,9,8,18
4,0,0,1,0,1,2,164,3,0.6142322097378277,0.1,0.5,2.6885245901639343,9,8,18
2,0,0,8,0,0,1,96,5,0.4423963133640553,0.8,0.0,0.1995841995841996,10,8,19
5,0,1,0,0,0,0,0,0,0.0,0.0,0.0,0.0,0,0,0
5,0,0,3,0,0,2,126,3,0.5101214574898786,0.3,0.0,0.6961325966850829,10,8,19
7,1,0,0,0,0,0,0,0,0.0,0.0,0.0,0.0,0,0,0
6,0,0,4,0,1,4,224,5,0.6187845303867403,0.4,0.2,0.9294605809128631,8,8,17
6,0,0,3,0,2,2,195,6,0.6,0.3,0.5,1.0773480662983426,8,8,17
5,0,0,5,0,0,2,180,5,0.6020066889632107,0.5,0.0,0.5980066445182725,9,8,18
2,0,0,7,0,0,2,183,5,0.648936170212766,0.7,0.0,0.4346793349168646,8,7,16
3,0,0,0,0,1,2,117,6,0.52,0.0,1.0,117.0,9,8,18
3,0,0,3,0,1,1,158,5,0.5374149659863946,0.3,0.25,0.8729281767955801,9,8,18
2,0,0,3,0,1,3,160,4,0.5693950177935944,0.3,0.25,0.8839779005524862,9,7,17
4,0,0,3,0,1,4,218,8,0.6526946107784432,0.3,0.25,1.2044198895027625,8,8,17
2,0,0,3,1,0,1,140,3,0.5957446808510638,0.3,0.0,0.7734806629834254,9,7,17
4,0,0,1,0,0,3,185,6,0.5692307692307692,0.1,0.0,3.0327868852459017,9,8,18
4,0,0,3,1,2,1,125,6,0.4699248120300752,0.3,0.5,0.6906077348066298,9,9,19
6,0,0,2,0,0,2,159,4,0.5910780669144982,0.2,0.0,1.3140495867768596,10,8,19
5,0,0,6,1,0,2,196,5,0.6163522012578616,0.6,0.0,0.5429362880886427,8,8,17
3,0,0,1,0,1,2,129,3,0.4777777777777778,0.1,0.5,2.1147540983606556,9,8,18
5,0,0,0,0,0,2,138,6,0.5726141078838174,0.0,0.0,138.0,10,8,19
6,0,0,2,0,4,1,152,3,0.6031746031746031,0.2,1.3333333333333333,1.256198347107438,9,7,17
5,0,0,8,0,2,2,215,7,0.6286549707602339,0.8,0.2222222222222222,0.446985446985447,8,8,17
4,0,0,2,0,0,3,198,5,0.6,0.2,0.0,1.6363636363636365,10,9,20
3,0,0,3,0,1,1,115,4,0.4275092936802974,0.3,0.25,0.6353591160220995,9,9,19
3,0,0,8,0,0,3,259,6,0.6658097686375322,0.8,0.0,0.5384615384615384,8,8,17
7,1,0,0,0,0,0,0,0,0.0,0.0,0.0,0.0,0,0,0
4,0,0,1,1,0,2,215,8,0.5955678670360111,0.1,0.0,3.5245901639344264,9,9,19
3,0,0,8,0,0,3,193,5,0.6146496815286624,0.8,0.0,0.40124740124740127,8,8,17
3,0,0,2,0,2,1,113,3,0.437984496124031,0.2,0.6666666666666666,0.9338842975206612,9,9,19
5,0,0,8,0,0,4,291,8,0.7132352941176471,0.8,0.0,0.604989604989605,8,9,18
3,0,0,3,0,1,1,115,3,0.42435424354243545,0.3,0.25,0.6353591160220995,9,9,19
5,0,0,3,0,2,3,153,4,0.6023622047244095,0.3,0.5,0.8453038674033149,9,8,18
5,0,0,4,0,1,2,116,7,0.48132780082987553,0.4,0.2,0.48132780082987553,9,8,18
5,0,0,1,0,0,1,124,3,0.5188284518828452,0.1,0.0,2.0327868852459017,10,7,18
4,0,0,3,0,0,2,140,3,0.5072463768115942,0.3,0.0,0.7734806629834254,10,9,20
2,0,0,1,0,0,2,159,5,0.5389830508474577,0.1,0.0,2.6065573770491803,10,8,19
3,0,0,5,0,0,2,134,2,0.48201438848920863,0.5,0.0,0.44518272425249167,10,8,19
6,0,0,5,0,1,3,265,6,0.7047872340425532,0.5,0.16666666666666666,0.8803986710963455,8,8,17
2,0,0,3,0,0,2,143,5,0.6085106382978723,0.3,0.0,0.7900552486187845,11,7,19
4,0,0,6,0,2,2,261,5,0.6850393700787402,0.6,0.2857142857142857,0.7229916897506925,8,8,17
4,0,0,4,0,0,1,115,5,0.48523206751054854,0.4,0.0,0.47717842323651455,10,7,18
3,0,0,6,0,0,1,172,6,0.5602605863192183,0.6,0.0,0.47645429362880887,10,8,19
4,0,0,8,0,0,4,260,6,0.6842105263157895,0.8,0.0,0.5405405405405406,8,8,17
4,0,0,6,0,2,3,219,7,0.6329479768786127,0.6,0.2857142857142857,0.6066481994459834,8,8,17
6,0,0,3,0,0,2,148,5,0.5543071161048689,0.3,0.0,0.8176795580110497,9,7,17
6,0,0,8,1,2,3,162,4,0.5046728971962616,0.8,0.2222222222222222,0.3367983367983368,9,9,19
6,0,0,4,0,0,1,145,7,0.5555555555555556,0.4,0.0,0.6016597510373444,9,7,17
6,0,0,5,0,1,3,232,6,0.6498599439775911,0.5,0.16666666666666666,0.770764119601329,8,8,17
6,0,0,4,0,0,4,244,7,0.6437994722955145,0.4,0.0,1.012448132780083,8,9,18
5,0,0,5,1,1,3,245,5,0.6621621621621622,0.5,0.16666666666666666,0.813953488372093,8,8,17
6,0,0,6,0,1,3,267,9,0.6935064935064935,0.6,0.14285714285714285,0.739612188365651,8,8,17
6,0,0,2,1,0,4,279,8,0.6888888888888889,0.2,0.0,2.3057851239669422,7,9,17
5,0,0,0,0,0,1,153,8,0.612,0.0,0.0,153.0,10,8,19
4,0,0,2,0,1,3,185,5,0.6271186440677966,0.2,0.3333333333333333,1.5289256198347108,9,8,18
2,0,0,7,0,1,2,145,6,0.5870445344129555,0.7,0.125,0.34441805225653205,9,8,18
5,0,0,3,1,1,3,166,3,0.5442622950819672,0.3,0.25,0.9171270718232044,9,8,18
4,0,0,4,0,1,2,130,4,0.48148148148148145,0.4,0.2,0.5394190871369294,9,8,18
5,0,0,3,0,1,3,173,3,0.6200716845878136,0.3,0.25,0.9558011049723757,9,8,18
3,0,0,8,0,0,2,175,5,0.5192878338278932,0.8,0.0,0.36382536382536385,10,9,20
6,0,0,5,0,0,2,182,5,0.5777777777777777,0.5,0.0,0.6046511627906976,10,8,19
2,0,0,5,0,0,1,124,4,0.5210084033613446,0.5,0.0,0.4119601328903654,10,7,18
2,0,0,8,0,1,2,238,5,0.6685393258426966,0.8,0.1111111111111111,0.49480249480249483,8,7,16
5,0,0,2,1,0,2,174,7,0.5838926174496645,0.2,0.0,1.43801652892562,9,9,19
4,0,0,5,0,0,4,277,8,0.6925,0.5,0.0,0.920265780730897,8,8,17
6,0,0,6,0,3,1,134,5,0.5677966101694916,0.6,0.42857142857142855,0.37119113573407203,9,7,17
4,0,0,2,0,0,2,139,6,0.549407114624506,0.2,0.0,1.1487603305785123,10,7,18
5,0,0,3,0,0,1,126,3,0.5080645161290323,0.3,0.0,0.6961325966850829,10,8,19
3,0,0,2,0,3,2,171,5,0.6309963099630996,0.2,1.0,1.4132231404958677,9,8,18
6,0,0,2,0,2,1,113,3,0.44664031620553357,0.2,0.6666666666666666,0.9338842975206612,9,8,18
2,0,0,0,0,0,1,92,3,0.4919786096256685,0.0,0.0,92.0,9,7,17
2,0,0,3,1,0,2,161,7,0.5919117647058824,0.3,0.0,0.8895027624309392,10,7,18
4,0,0,2,0,0,2,115,3,0.4307116104868914,0.2,0.0,0.9504132231404959,10,9,20
4,0,0,3,0,1,2,242,5,0.6954022988505747,0.3,0.25,1.3370165745856353,8,7,16
4,0,0,0,0,1,2,165,3,0.5463576158940397,0.0,1.0,165.0,9,8,18
7,1,0,0,0,0,0,0,0,0.0,0.0,0.0,0.0,0,0,0
3,0,0,3,0,1,1,123,4,0.5211864406779662,0.3,0.25,0.6795580110497238,9,8,18
5,0,0,7,1,1,1,163,5,0.5379537953795379,0.7,0.125,0.38717339667458434,9,8,18
5,0,0,2,0,0,3,170,4,0.6159420289855072,0.2,0.0,1.4049586776859504,10,8,19
6,0,0,4,0,3,2,217,6,0.7045454545454546,0.4,0.6,0.9004149377593361,8,7,16
3,0,0,6,0,0,4,240,6,0.6593406593406593,0.6,0.0,0.6648199445983379,8,7,16
2,0,0,4,1,2,3,225,9,0.677710843373494,0.4,0.4,0.9336099585062241,8,7,16
5,0,0,4,0,1,4,277,9,0.6907730673316709,0.4,0.2,1.1493775933609958,8,8,17
2,0,0,1,0,1,3,191,5,0.6044303797468354,0.1,0.5,3.1311475409836067,9,8,18
3,0,0,5,0,1,5,271,8,0.6878172588832487,0.5,0.16666666666666666,0.9003322259136213,7,8,16
2,0,0,6,0,0,3,261,7,0.7209944751381215,0.6,0.0,0.7229916897506925,8,8,17
1,1,0,0,0,0,0,0,0,0.0,0.0,0.0,0.0,0,0,0
5,0,0,0,0,0,2,211,6,0.6432926829268293,0.0,0.0,211.0,10,9,20
4,0,0,3,0,0,2,149,5,0.6056910569105691,0.3,0.0,0.8232044198895028,9,7,17
5,0,0,2,0,0,2,168,8,0.5694915254237288,0.2,0.0,1.3884297520661157,10,8,19
7,1,0,0,0,0,3,193,4,0.5830815709969789,0.0,0.0,193.0,10,9,20
4,0,0,5,0,3,1,111,3,0.5577889447236181,0.5,0.5,0.3687707641196013,9,7,17
5,0,0,5,0,1,3,284,11,0.6604651162790698,0.5,0.16666666666666666,0.9435215946843853,8,9,18
6,0,0,2,0,0,1,142,5,0.5298507462686567,0.2,0.0,1.1735537190082646,9,8,18
1,1,0,0,0,0,0,0,0,0.0,0.0,0.0,0.0,0,0,0
3,0,0,6,0,0,4,251,7,0.6657824933687002,0.6,0.0,0.6952908587257618,8,8,17
2,0,0,8,0,0,2,104,6,0.4444444444444444,0.8,0.0,0.21621621621621623,9,8,18
5,0,0,2,0,2,2,160,5,0.6130268199233716,0.2,0.6666666666666666,1.322314049586777,9,8,18
2,0,0,2,0,2,1,131,2,0.5,0.2,0.6666666666666666,1.0826446280991735,9,8,18
5,0,0,2,0,4,2,157,4,0.575091575091575,0.2,1.3333333333333333,1.2975206611570247,9,8,18
5,0,0,5,0,1,3,253,8,0.660574412532637,0.5,0.16666666666666666,0.840531561461794,8,8,17
7,1,0,0,0,0,0,0,0,0.0,0.0,0.0,0.0,0,0,0
4,0,0,6,1,0,1,111,5,0.4977578475336323,0.6,0.0,0.3074792243767313,10,8,19
2,0,0,3,1,0,1,107,5,0.5119617224880383,0.3,0.0,0.5911602209944752,11,8,20
5,0,0,2,0,1,1,139,4,0.47440273037542663,0.2,0.3333333333333333,1.1487603305785123,9,9,19
5,0,0,2,0,0,2,128,7,0.48854961832061067,0.2,0.0,1.0578512396694215,9,8,18
5,0,0,6,0,1,2,199,6,0.5958083832335329,0.6,0.14285714285714285,0.5512465373961218,8,8,17
6,0,0,2,0,3,3,168,3,0.6086956521739131,0.2,1.0,1.3884297520661157,9,8,18
4,0,0,6,0,0,4,240,5,0.6153846153846154,0.6,0.0,0.6648199445983379,8,9,18
3,0,0,2,0,0,2,167,5,0.6549019607843137,0.2,0.0,1.3801652892561984,9,7,17
4,0,0,1,0,3,2,158,3,0.6396761133603239,0.1,1.5,2.5901639344262297,9,7,17
4,0,0,2,1,1,2,188,8,0.5402298850574713,0.2,0.3333333333333333,1.5537190082644627,9,9,19
4,0,0,2,0,2,2,158,4,0.5703971119133574,0.2,0.6666666666666666,1.3057851239669422,9,8,18
3,0,0,2,0,1,2,134,3,0.5775862068965517,0.2,0.3333333333333333,1.1074380165289257,9,8,18
3,0,0,2,0,0,3,205,5,0.5823863636363636,0.2,0.0,1.6942148760330578,10,9,20
3,0,0,4,0,1,1,117,4,0.48148148148148145,0.4,0.2,0.4854771784232365,9,7,17
2,0,0,2,1,0,1,131,4,0.5346938775510204,0.2,0.0,1.0826446280991735,10,8,19
3,0,0,4,0,2,3,251,8,0.6536458333333334,0.4,0.4,1.04149377593361,7,8,16
1,1,0,0,0,0,0,0,0,0.0,0.0,0.0,0.0,0,0,0
6,0,0,3,0,0,2,139,4,0.5408560311284046,0.3,0.0,0.7679558011049724,10,9,20
5,0,0,4,1,1,5,264,6,0.7058823529411765,0.4,0.2,1.095435684647303,8,8,17
5,0,0,5,0,0,3,149,4,0.5559701492537313,0.5,0.0,0.4950166112956811,10,8,19
5,0,0,4,0,0,1,153,3,0.5387323943661971,0.4,0.0,0.6348547717842323,9,8,18
6,0,0,3,1,0,1,131,3,0.5435684647302904,0.3,0.0,0.7237569060773481,10,9,20
4,0,0,3,0,1,2,109,5,0.4759825327510917,0.3,0.25,0.6022099447513812,9,9,19
5,0,0,3,0,0,3,296,8,0.6681715575620768,0.3,0.0,1.6353591160220995,8,9,18
4,0,0,2,0,0,2,138,6,0.5207547169811321,0.2,0.0,1.140495867768595,11,8,20
2,0,1,0,0,0,3,211,5,0.6205882352941177,0.0,0.0,211.0,10,9,20
6,0,0,3,0,0,3,219,6,0.6441176470588236,0.3,0.0,1.2099447513812154,8,8,17
3,0,0,4,0,0,2,183,9,0.5941558441558441,0.4,0.0,0.7593360995850622,11,8,20
5,0,0,8,0,2,2,178,6,0.6289752650176679,0.8,0.2222222222222222,0.3700623700623701,9,8,18
5,0,0,2,0,1,1,136,5,0.4563758389261745,0.2,0.3333333333333333,1.1239669421487604,9,9,19
4,0,0,5,0,0,2,142,3,0.5503875968992248,0.5,0.0,0.4717607973421927,10,9,20
4,0,0,3,0,1,2,120,3,0.5106382978723404,0.3,0.25,0.6629834254143646,9,8,18
4,0,0,3,0,1,2,180,7,0.5263157894736842,0.3,0.25,0.994475138121547,9,9,19
5,0,0,3,0,0,2,176,5,0.6446886446886447,0.3,0.0,0.9723756906077348,10,8,19
6,0,0,2,0,0,2,152,3,0.5152542372881356,0.2,0.0,1.256198347107438,11,8,20
5,0,0,4,0,0,2,113,5,0.450199203187251,0.4,0.0,0.46887966804979253,9,8,18
4,0,0,1,0,0,2,168,3,0.5753424657534246,0.1,0.0,2.7540983606557377,9,8,18
6,0,0,3,0,0,3,180,5,0.5538461538461539,0.3,0.0,0.994475138121547,11,9,21
4,0,0,6,0,1,3,277,11,0.7102564102564103,0.6,0.14285714285714285,0.7673130193905817,8,8,17
3,0,0,3,0,1,1,113,5,0.4870689655172414,0.3,0.25,0.6243093922651933,9,8,18
3,0,0,4,1,0,3,157,6,0.5268456375838926,0.4,0.0,0.6514522821576764,10,8,19
3,0,0,7,0,2,2,148,7,0.5991902834008097,0.7,0.25,0.3515439429928741,9,8,18
2,0,0,3,0,2,2,140,4,0.498220640569395,0.3,0.5,0.7734806629834254,9,8,18
2,0,0,2,0,0,3,188,6,0.56797583081571,0.2,0.0,1.5537190082644627,9,8,18
6,0,0,2,0,4,3,255,7,0.6948228882833788,0.2,1.3333333333333333,2.1074380165289255,8,9,18
3,0,0,2,0,3,2,170,3,0.5483870967741935,0.2,1.0,1.4049586776859504,9,8,18
2,0,1,0,0,0,2,249,6,0.7155172413793104,0.0,0.0,249.0,8,8,17
2,0,1,0,0,0,0,0,0,0.0,0.0,0.0,0.0,0,0,0
4,0,0,5,0,0,3,248,8,0.6648793565683646,0.5,0.0,0.8239202657807309,8,8,17
6,0,0,1,1,0,2,199,7,0.6160990712074303,0.1,0.0,3.262295081967213,8,7,16
5,0,0,4,0,0,3,178,3,0.6379928315412187,0.4,0.0,0.7385892116182573,9,8,18
5,0,0,2,0,1,1,127,4,0.4425087108013937,0.2,0.3333333333333333,1.0495867768595042,9,9,19
3,0,0,2,0,2,1,127,5,0.538135593220339,0.2,0.6666666666666666,1.0495867768595042,9,7,17
2,0,0,4,0,1,4,212,5,0.5776566757493188,0.4,0.2,0.8796680497925311,9,9,19
5,0,0,1,0,3,2,167,3,0.6117216117216118,0.1,1.5,2.737704918032787,9,7,17
4,0,0,3,0,1,1,100,4,0.49019607843137253,0.3,0.25,0.5524861878453039,9,8,18
6,0,0,3,1,0,2,105,3,0.4751131221719457,0.3,0.0,0.580110497237569,10,8,19
7,1,0,0,0,0,0,0,0,0.0,0.0,0.0,0.0,0,0,0
2,0,0,6,0,1,5,274,8,0.6477541371158393,0.6,0.14285714285714285,0.7590027700831025,8,9,18
2,0,0,3,0,0,2,214,5,0.6426426426426426,0.3,0.0,1.1823204419889504,10,9,20
1,1,0,0,0,0,0,0,0,0.0,0.0,0.0,0.0,0,0,0
3,0,0,2,0,0,2,125,5,0.4921259842519685,0.2,0.0,1.0330578512396693,10,8,19
1,1,0,0,0,0,0,0,0,0.0,0.0,0.0,0.0,0,0,0
5,0,0,4,0,0,3,191,4,0.5701492537313433,0.4,0.0,0.7925311203319502,9,8,18
4,0,0,1,1,2,1,128,2,0.5182186234817814,0.1,1.0,2.098360655737705,9,9,19
6,0,0,3,0,0,3,226,5,0.6348314606741573,0.3,0.0,1.2486187845303867,8,8,17
3,0,0,5,0,0,1,94,2,0.5136612021857924,0.5,0.0,0.3122923588039867,9,7,17
2,0,0,1,0,2,2,139,6,0.6096491228070176,0.1,1.0,2.278688524590164,9,7,17
4,0,0,2,0,0,1,106,3,0.4690265486725664,0.2,0.0,0.8760330578512396,9,7,17
3,0,0,1,0,2,2,192,4,0.6153846153846154,0.1,1.0,3.1475409836065573,8,8,17
3,0,0,8,0,0,2,180,8,0.594059405940594,0.8,0.0,0.37422037422037424,7,7,15
4,0,0,3,0,1,1,117,3,0.4717741935483871,0.3,0.25,0.6464088397790055,9,8,18
7,1,0,0,0,0,0,0,0,0.0,0.0,0.0,0.0,0,0,0
6,0,0,2,0,1,4,255,7,0.7183098591549296,0.2,0.3333333333333333,2.1074380165289255,8,8,17
3,0,0,2,0,2,3,213,8,0.5966386554621849,0.2,0.6666666666666666,1.7603305785123966,7,8,16
3,0,0,4,0,0,2,151,6,0.6291666666666667,0.4,0.0,0.6265560165975104,10,7,18
4,0,0,2,0,0,2,153,3,0.5425531914893617,0.2,0.0,1.2644628099173554,11,8,20
4,0,0,1,0,0,1,155,5,0.543859649122807,0.1,0.0,2.540983606557377,9,9,19
6,0,0,1,0,1,1,134,6,0.5654008438818565,0.1,0.5,2.19672131147541,9,8,18
3,0,0,5,0,1,3,266,9,0.7247956403269755,0.5,0.16666666666666666,0.8837209302325582,8,8,17
2,0,1,0,0,0,0,0,0,0.0,0.0,0.0,0.0,0,0,0
3,0,0,4,0,0,3,207,4,0.6088235294117647,0.4,0.0,0.8589211618257261,8,8,17
7,1,0,0,0,0,0,0,0,0.0,0.0,0.0,0.0,0,0,0
4,0,0,1,0,0,2,149,3,0.5302491103202847,0.1,0.0,2.442622950819672,9,9,19
3,0,0,3,0,1,3,152,5,0.5390070921985816,0.3,0.25,0.8397790055248618,9,8,18
7,1,0,0,0,0,0,0,0,0.0,0.0,0.0,0.0,0,0,0
2,0,0,4,0,0,1,102,4,0.4975609756097561,0.4,0.0,0.42323651452282157,10,8,19
4,0,0,4,0,0,2,113,8,0.4977973568281938,0.4,0.0,0.46887966804979253,9,9,19
6,0,0,4,0,3,2,192,4,0.6464646464646465,0.4,0.6,0.7966804979253111,8,8,17
7,1,0,0,0,0,0,0,0,0.0,0.0,0.0,0.0,0,0,0
3,0,0,0,0,0,1,110,5,0.48672566371681414,0.0,0.0,110.0,9,8,18
3,0,0,4,0,0,1,109,3,0.5240384615384616,0.4,0.0,0.45228215767634855,11,7,19
5,0,0,2,0,1,3,191,7,0.6409395973154363,0.2,0.3333333333333333,1.578512396694215,9,8,18
5,0,0,0,0,1,1,106,5,0.5047619047619047,0.0,1.0,106.0,9,7,17
